sample,sample_uid,PC1,PC2,PC3,PC4,PC5,PC6,PC7,PC8,PC9,PC10,PC11,PC12,PC13,PC14,PC15,PC16,PC17,PC18,PC19,PC20,PC21,PC22,PC23,PC24,PC25,PC26,PC27,PC28,PC29,PC30,PC31,PC32,PC33,PC34,PC35,PC36,PC37,PC38,PC39,PC40,PC41,PC42,PC43,PC44,PC45,PC46,PC47,PC48,PC49,PC50,PC51,PC52,PC53,PC54,PC55,PC56,PC57,PC58,PC59,PC60,PC61,PC62,PC63,PC64,PC65,PC66,PC67,PC68,PC69,PC70,PC71,PC72,PC73,PC74,PC75,PC76,PC77,PC78,PC79,PC80,PC81,PC82,PC83,PC84,PC85,PC86,PC87,PC88,PC89,PC90,PC91,PC92,PC93,PC94,PC95,PC96,PC97,PC98,PC99,PC100,PC101,PC102,PC103,PC104,PC105,PC106,PC107,PC108,PC109,PC110,PC111,PC112
S1_E_LT_31A,45765,-0.481910856,-0.002286617,-0.001880718,0.023142904,0.005473446,-0.001440549,-0.04165643,0.00520581,-0.02705689,-0.00127975,0.02173635,0.006264516,-0.000974997,-0.002452233,0.002506027,0.004657581,-0.010357618,-0.002511121,0.004372546,-0.000966671,0.000954885,0.000666237,-0.002215392,0.002466357,0.001860715,-0.001008984,-7.60E-05,0.000510852,0.000895975,0.000314615,-0.001000629,0.000723108,-0.000596756,-0.000636824,0.000338167,-0.000243959,0.000320336,0.000394808,-0.000186219,0.000580153,0.000935693,-0.000202678,-0.002897258,-0.003406092,-0.000544331,-2.11E-05,0.000678805,0.00017026,-0.00081411,-0.000420002,0.000942569,-0.001357746,-0.000653275,-0.001081047,2.50E-05,-6.96E-06,-0.000140329,0,0,0,0,0,0,0,0,0,0,0,0,0,0,0,0,0,0,0,0,0,0,0,0,0,0,0,0,0,0,0,0,0,0,0,0,0,0,0,0,0,0,0,0,0,0,0,0,0,0,0,0,0,0,0
S1_E_LT_33A,45766,-0.540736291,-0.005232574,-0.005063703,0.045577005,0.005617237,-0.011008253,-0.021819113,-0.002608158,-0.003995114,0.001892263,-0.003799055,-0.00074802,0.012914565,0.001660621,0.007685949,0.002632127,0.011316495,-0.00257986,0.003616411,0.005124512,0.000680981,1.16E-05,-0.007481621,0.007009373,0.012525299,-0.00088715,7.00E-06,-0.002088936,0.004939533,0.002222297,-0.005384222,-0.003521056,-0.003936275,0.000535542,0.000211364,0.000102912,0.000259806,-0.001292659,0.000575715,-0.000179299,0.000357676,-0.000402099,-0.001055321,-0.000623293,-4.91E-05,-0.000143432,-7.03E-05,-0.000204973,0.000162558,0.000926428,-0.000581628,3.52E-05,0.000794624,0.000838701,-2.19E-05,-1.98E-05,-0.000101942,0,0,0,0,0,0,0,0,0,0,0,0,0,0,0,0,0,0,0,0,0,0,0,0,0,0,0,0,0,0,0,0,0,0,0,0,0,0,0,0,0,0,0,0,0,0,0,0,0,0,0,0,0,0,0
S1_E_LT_35A,45767,-0.388288834,0.002450956,0.004984405,-0.065418759,-0.000244326,-0.015483889,-0.00722954,0.000343379,0.032658183,-0.018640481,0.011614517,-0.001380647,0.019924309,0.005577377,0.005929492,-0.002429791,0.01001435,0.004463389,-0.004235418,0.00319771,-0.002499094,-5.37E-05,-0.001165745,0.00176204,-0.006055842,-0.004005509,0.000275537,0.001244376,-0.002802737,-0.003346206,0.002567009,-7.21E-05,0.002537276,-0.000221416,0.000478837,0.00092054,-0.002204957,0.000441501,-5.73E-05,-0.000483224,-0.000837992,-0.000552302,0.001132402,0.001098271,0.00032051,0.000448078,-3.18E-05,0.00013402,3.35E-05,-0.000349543,0.0002493,2.41E-05,-0.000138922,-3.93E-05,1.14E-05,-4.57E-06,2.64E-05,0,0,0,0,0,0,0,0,0,0,0,0,0,0,0,0,0,0,0,0,0,0,0,0,0,0,0,0,0,0,0,0,0,0,0,0,0,0,0,0,0,0,0,0,0,0,0,0,0,0,0,0,0,0,0
S1_E_ST_39B,45768,-0.40399424,0.001775437,0.0030761,-0.098365389,-0.001019063,-0.056993833,0.005679706,0.007218173,0.002654324,-0.01022673,0.014854943,0.005265078,0.014253056,-0.002376781,0.004361262,0.00138097,-0.002330837,-0.000634809,-0.001544654,-0.012178673,0.001898045,0.000441934,0.000555383,-0.001447574,0.005481812,-0.000628931,0.001128882,-0.000407187,0.003796875,0.003175109,-0.003905244,0.001652929,-0.002297847,-0.001026009,-8.89E-05,-0.001313086,0.002165714,0.001109532,-0.000504683,0.000764883,0.000504954,0.001331078,-0.000755019,-0.000960363,-0.000340148,-0.000416836,0.00010846,-5.59E-05,-0.000101621,0.000157821,-7.99E-05,-1.08E-05,0.000101763,0.000102527,-7.49E-06,-3.11E-06,-2.40E-05,0,0,0,0,0,0,0,0,0,0,0,0,0,0,0,0,0,0,0,0,0,0,0,0,0,0,0,0,0,0,0,0,0,0,0,0,0,0,0,0,0,0,0,0,0,0,0,0,0,0,0,0,0,0,0
S1_P_LT_31A,45770,0.295704976,-0.160548287,0.003359337,0.002134173,0.002016461,-0.000715634,0.004036746,-0.013548753,-0.003012663,0.002315991,0.004257175,-0.006849505,0.001082023,-0.004866272,0.003499676,0.004173176,-0.002320448,-0.000766261,-0.005589387,0.000123891,0.001310881,0.002245282,-0.0006325,-0.001923594,4.58E-05,-0.003483434,0.002690918,0.00229797,-0.000105794,-0.000523749,-0.000506689,-0.001194298,0.00103706,0.001532842,0.001454447,-0.001298708,-5.37E-05,0.002172934,0.002716044,-0.001931915,0.000236525,0.000155094,0.00020543,-0.000502408,0.001631202,0.001998373,0.000108248,0.002540702,0.000135408,0.001107647,-0.000221837,-0.000308589,-0.000237092,0.000389139,0.001183503,9.59E-05,4.45E-05,0,0,0,0,0,0,0,0,0,0,0,0,0,0,0,0,0,0,0,0,0,0,0,0,0,0,0,0,0,0,0,0,0,0,0,0,0,0,0,0,0,0,0,0,0,0,0,0,0,0,0,0,0,0,0
S1_P_LT_33A,45771,0.300970358,-0.157280851,0.002128813,0.002547152,0.003551002,-8.66E-05,0.003014198,-0.012568824,-0.000428256,0.002120166,0.00020771,0.003541502,0.001747956,-0.028672221,-0.004038856,0.014828876,0.005649739,0.01415124,0.006237566,-0.002304507,-0.001746836,0.001761996,0.001280185,0.003128117,-0.001833163,-0.003930266,0.001172289,0.001055899,-0.002020802,0.000119516,0.000825384,-0.002045841,-0.001470117,-0.000207775,-0.000306467,-0.00110256,0.000502335,0.000144902,0.000329714,-8.27E-06,-7.88E-05,0.00010403,-2.20E-05,-0.00074702,0.000359913,-3.22E-05,-0.000243406,3.54E-05,8.33E-05,-5.87E-06,-0.000239513,7.59E-05,0.000189827,5.83E-05,1.99E-05,-1.89E-05,1.74E-05,0,0,0,0,0,0,0,0,0,0,0,0,0,0,0,0,0,0,0,0,0,0,0,0,0,0,0,0,0,0,0,0,0,0,0,0,0,0,0,0,0,0,0,0,0,0,0,0,0,0,0,0,0,0,0
S1_P_LT_35A,45772,0.297242412,-0.152209437,0.00158848,0.003647946,0.002177438,-0.00070036,0.006125928,-0.018725675,-0.003433424,0.002349403,0.003087453,-0.003285464,5.52E-05,-0.002428633,0.005005973,0.004483193,-0.002643444,-0.001758608,-0.004403441,-0.00039873,0.000447618,0.00032102,-0.002612218,-0.005918497,0.000534575,-0.007062466,-0.002253847,0.000306615,-0.001000961,-5.08E-06,6.06E-05,-0.001203766,5.05E-05,-0.000661016,-0.001374359,2.17E-05,-0.000103159,0.001913422,0.002900771,-0.002142554,-2.36E-05,-0.001009894,-0.000828636,0.000807245,0.000688893,-0.0008421,0.001531108,-0.00283702,-2.20E-05,-0.000491557,0.000261787,-0.000120435,0.000551138,1.99E-05,-0.000457208,-9.03E-05,-6.13E-05,0,0,0,0,0,0,0,0,0,0,0,0,0,0,0,0,0,0,0,0,0,0,0,0,0,0,0,0,0,0,0,0,0,0,0,0,0,0,0,0,0,0,0,0,0,0,0,0,0,0,0,0,0,0,0
S1_P_ST_39B,45773,0.302332311,-0.111017719,-0.006599459,0.009208923,0.002100983,-2.87E-05,0.009482835,-0.020365132,-3.95E-05,0.005453652,0.003260069,-0.020648018,0.000374608,-0.018779878,0.001634199,0.002594335,-0.000595263,-0.008854759,0.001035132,-0.000326366,-0.000658639,-0.012144394,-0.003140632,-0.005461763,0.000262932,-0.000975054,0.006067932,0.003529128,0.001082544,-0.000849298,-0.000903956,-0.000646276,0.001320616,0.00118451,0.000347542,0.00055253,-0.000318029,-0.000322625,-8.69E-05,-0.000415826,0.000159404,-0.000254048,-1.91E-05,0.000647075,-0.003002341,0.00147985,-0.000436735,0.000173389,-0.000120569,-3.33E-05,0.000243611,-0.000144359,0.000175194,9.78E-05,-0.000240336,-4.91E-05,-3.88E-05,0,0,0,0,0,0,0,0,0,0,0,0,0,0,0,0,0,0,0,0,0,0,0,0,0,0,0,0,0,0,0,0,0,0,0,0,0,0,0,0,0,0,0,0,0,0,0,0,0,0,0,0,0,0,0
S2_E_LT_31A,45775,-0.551735391,-0.005793412,-0.005138878,0.057278024,0.005205845,0.003569628,-0.010353856,0.00080515,-0.008869375,0.004647293,-0.011961296,-0.001457803,0.013282088,-0.000410349,0.003096775,-0.00227527,0.004067343,-0.00129911,0.00206915,-0.008075407,0.002821529,0.001226593,0.00308487,-0.000638211,0.006994888,0.000535987,-0.001764216,0.003521259,-0.004987364,-0.003286414,0.002635508,0.002448479,0.004612201,0.000712581,-0.001989864,-0.001340345,0.002170905,0.001213674,-0.000873994,0.000325856,0.000404159,-2.60E-05,-0.000619615,0.000579455,0.000163915,8.82E-05,-2.01E-05,-0.000105345,-9.31E-05,0.000591609,0.000151001,-0.001005235,0.00023314,-3.62E-05,2.24E-05,-3.00E-05,-0.000142289,0,0,0,0,0,0,0,0,0,0,0,0,0,0,0,0,0,0,0,0,0,0,0,0,0,0,0,0,0,0,0,0,0,0,0,0,0,0,0,0,0,0,0,0,0,0,0,0,0,0,0,0,0,0,0
S2_E_LT_33A,45776,-0.551811441,-0.005794835,-0.005346287,0.058962884,0.005454765,0.004692758,-0.011394108,0.003342378,-0.018020495,0.005980675,-0.008240283,-0.000579486,0.014344201,-8.14E-05,0.006420623,-0.00024805,0.009091268,-0.001587044,0.002358987,-0.000720339,0.000963867,0.000522296,0.006567068,-0.002835988,-0.006922292,-0.002619466,0.000160184,-0.00039668,0.00445146,0.000688191,0.001762003,0.005322542,0.001900261,0.003413134,-0.003822144,-0.001118762,0.001762078,-0.000307104,0.000213228,-0.000446015,-0.000452863,-0.000955913,0.000743986,0.000519239,0.000305173,0.000514202,-1.37E-05,0.000256781,0.000144314,-0.001016511,0.000199304,0.001151919,-0.000561894,4.20E-05,-1.01E-05,1.82E-05,-1.86E-05,0,0,0,0,0,0,0,0,0,0,0,0,0,0,0,0,0,0,0,0,0,0,0,0,0,0,0,0,0,0,0,0,0,0,0,0,0,0,0,0,0,0,0,0,0,0,0,0,0,0,0,0,0,0,0
S2_E_LT_35A,45777,-0.414139156,0.00083006,0.01321109,-0.058488094,-0.007818677,0.072636094,-0.003899856,0.007534454,-0.013875156,-0.005499039,-0.004555522,0.005739264,0.018134485,-0.002694257,-0.007696763,0.002187208,-0.020187916,0.003857687,-0.008346484,-0.000639755,-0.002004078,-0.001547542,0.000654626,-0.004254312,0.00191618,0.00178506,0.003031851,-0.003153746,-0.000966652,-0.000102254,-5.31E-05,-0.000271814,-0.003332901,-0.000340044,0.000398962,-0.000405673,0.000763615,-8.22E-05,6.40E-05,0.000176793,0.00015334,0.00037104,-0.000386947,-0.000294348,-3.68E-05,-6.09E-05,-5.76E-06,-1.67E-05,6.29E-05,6.85E-05,-8.45E-05,0.000179738,8.84E-05,0.000185531,-9.45E-07,-1.65E-06,3.17E-05,0,0,0,0,0,0,0,0,0,0,0,0,0,0,0,0,0,0,0,0,0,0,0,0,0,0,0,0,0,0,0,0,0,0,0,0,0,0,0,0,0,0,0,0,0,0,0,0,0,0,0,0,0,0,0
S2_E_ST_39B,45778,-0.45438044,-0.000730849,-0.000176364,-0.084852014,-0.000301682,-0.073992272,0.017065066,0.010414088,-0.025866969,0.004919577,0.003697775,0.005433431,-0.000341892,-0.005458032,0.001380598,0.003574158,-0.004846983,-0.004813617,0.005674192,0.001083338,0.00201365,5.14E-05,0.009310213,-0.006780336,-0.006842236,0.006552958,-0.003125395,0.001027518,-0.001560768,0.001581872,-3.34E-05,-0.003738566,-0.000150122,0.001383498,-0.000256603,0.000729295,-0.000990684,-0.001198997,0.00048153,-0.000409834,-2.94E-05,-0.000543311,0.000238378,0.000459116,5.68E-05,-8.65E-05,-0.000163575,-0.000138025,0.000119022,0.000405643,-0.000280301,-0.000184726,0.00020106,-4.16E-05,-3.61E-06,5.81E-06,4.26E-06,0,0,0,0,0,0,0,0,0,0,0,0,0,0,0,0,0,0,0,0,0,0,0,0,0,0,0,0,0,0,0,0,0,0,0,0,0,0,0,0,0,0,0,0,0,0,0,0,0,0,0,0,0,0,0
S2_P_LT_31A,45780,0.298281467,-0.172352759,0.006313609,-4.58E-05,0.001996014,-0.00078827,-0.001430245,0.000164437,-0.001890727,-0.003386928,0.000313695,0.011026063,0.003845868,0.004587567,-0.014702606,0.000776866,0.004698522,-0.002025587,0.000602557,-0.000110333,0.001038901,-0.00092998,-6.81E-05,0.000632319,-0.000676981,-0.002638481,0.001610968,0.001757458,-0.000538525,-0.000307831,-0.000129161,-0.001993065,0.000583039,0.002823312,0.001976928,-0.002898706,-0.000262301,-0.002146313,-0.00128983,0.000818935,0.001882124,0.000105948,0.000456298,-0.000457022,0.003439796,-0.000325515,-0.000872189,-0.001972897,7.53E-05,7.06E-05,-0.000217405,0.000172595,-6.29E-05,-0.000531355,-0.000777094,2.86E-06,-2.94E-05,0,0,0,0,0,0,0,0,0,0,0,0,0,0,0,0,0,0,0,0,0,0,0,0,0,0,0,0,0,0,0,0,0,0,0,0,0,0,0,0,0,0,0,0,0,0,0,0,0,0,0,0,0,0,0
S2_P_LT_33A,45781,0.29268642,-0.178410884,0.007271698,-0.001460039,0.001555364,-0.000678161,-0.001286706,-0.000497293,-0.002400909,-0.000151834,0.004662956,-0.00134563,0.003306678,0.006765037,-0.005897243,-0.003729561,0.000539219,0.001128286,0.003832358,-0.001040449,-0.00170152,-0.007042581,-0.001443119,-0.003073746,0.000257283,-0.002633151,-0.001016008,-0.000158902,-0.000686349,0.00012727,0.000312238,-0.000528683,-0.000521023,-0.00135573,-0.00146227,0.001102522,0.000390681,0.000269175,-0.000732359,0.002136444,-0.004322304,-0.000400172,-0.000848803,-0.001187277,0.002734237,0.000259826,-0.001411174,-0.001370946,3.46E-05,0.000429314,-0.000184741,-5.20E-05,-0.000125654,0.000303259,0.000661583,1.06E-05,5.35E-05,0,0,0,0,0,0,0,0,0,0,0,0,0,0,0,0,0,0,0,0,0,0,0,0,0,0,0,0,0,0,0,0,0,0,0,0,0,0,0,0,0,0,0,0,0,0,0,0,0,0,0,0,0,0,0
S2_P_LT_35A,45782,0.295986125,-0.16173006,0.003761148,0.00175026,0.002008987,-0.000736725,0.001448937,-0.004535627,-0.001935284,0.00031445,0.003472726,-0.002492954,0.002364411,0.005335378,-0.004521917,-0.004237737,0.000426117,0.001691158,0.004360703,-0.000524746,-0.002722461,-0.001011352,-0.002862444,-0.005617108,0.000682153,-0.003619312,-0.002470195,-0.000567624,-0.00104827,0.000208549,0.000183303,-0.001214524,-0.000417101,4.61E-05,-0.000966802,-0.002536326,-0.001120111,-0.002105229,-0.000989189,-0.000735925,0.002030803,-0.000426336,-0.00055552,0.000560639,-0.000809867,-0.001879447,-0.000255003,0.00042899,0.000203461,0.001295015,-0.001185097,0.000441235,-0.000972498,-0.000241751,0.000245035,2.13E-05,1.72E-05,0,0,0,0,0,0,0,0,0,0,0,0,0,0,0,0,0,0,0,0,0,0,0,0,0,0,0,0,0,0,0,0,0,0,0,0,0,0,0,0,0,0,0,0,0,0,0,0,0,0,0,0,0,0,0
S2_P_ST_39B,45783,0.302607835,-0.122665109,-0.004098925,0.007857558,0.002589342,-0.000449601,0.00522092,-0.007243781,0.000315726,0.001537699,0.002789299,-0.012096138,0.002873486,-0.003169264,-0.009670188,-0.007907161,0.003040954,-0.000824554,0.006692045,0.001152329,-0.002685078,0.006021655,-0.001223767,-0.000816337,0.000338896,0.004406152,-0.002123701,-0.001905497,0.000102736,0.000441354,0.000134247,0.001165832,-0.000869399,0.000245294,-0.000369322,0.004965414,0.002005956,-0.001003301,-0.001966645,0.001940221,-0.001557853,-0.00038574,-0.000551929,0.000256276,-0.001663342,-0.001372851,-0.00059728,0.002496857,7.92E-05,0.000377493,-0.000293317,4.89E-05,0.00025837,0.000150789,-0.000544045,-0.000169642,-4.04E-05,0,0,0,0,0,0,0,0,0,0,0,0,0,0,0,0,0,0,0,0,0,0,0,0,0,0,0,0,0,0,0,0,0,0,0,0,0,0,0,0,0,0,0,0,0,0,0,0,0,0,0,0,0,0,0
S3_E_LT_31A,45785,0.289720151,-0.19157741,0.01014726,-0.004458865,0.00098575,-0.000507656,-0.0048289,0.006951219,-0.002011292,7.67E-05,0.007211024,-0.007324112,0.00512312,0.003423365,-0.007481976,-0.003577785,-0.000102958,0.000901819,-0.002083522,-9.91E-05,0.000550283,-0.002592909,0.000940095,0.000156219,0.000614779,-0.003718333,-0.007201594,-0.003202353,-0.001174955,0.000631672,0.000441155,0.000157935,-0.000136691,0.002606567,0.003221491,-0.000827147,0.000975229,0.001216032,0.001834754,-0.001426056,0.002344443,2.02E-05,0.000145545,0.000688805,0.001348966,-0.002371053,0.004131648,0.001005526,0.000280733,8.97E-06,-0.00059909,0.000386578,-8.80E-05,-0.000340378,-0.00041079,-2.63E-05,3.43E-05,0,0,0,0,0,0,0,0,0,0,0,0,0,0,0,0,0,0,0,0,0,0,0,0,0,0,0,0,0,0,0,0,0,0,0,0,0,0,0,0,0,0,0,0,0,0,0,0,0,0,0,0,0,0,0
S3_E_LT_33A,45786,0.279466626,0.230684895,0.046911736,0.001831807,0.036267459,-0.000117591,0.000882244,0.00209186,0.000665004,-0.003077163,-0.003640802,-0.007551248,-0.002673331,0.007917629,-0.002436567,0.013235828,-9.42E-05,-0.002279067,0.003615029,-0.005240521,-0.000355261,0.000719996,0.00088689,0.000946463,-0.001048783,-0.000243148,-2.69E-05,-0.002213144,0.000549244,-0.000223717,0.00017462,0.001355019,-0.00084376,0.000429303,0.000831754,0.000651954,-0.001730644,-0.00128428,0.001262488,0.000526123,0.000283624,0.00267003,-0.00357884,0.002878409,0.000703009,0.00092844,-0.000393606,0.000188098,0.001827327,-0.001247132,-0.000845487,-0.000306406,-0.000376273,-0.000319112,0.00028395,-0.001373796,-0.000136704,0,0,0,0,0,0,0,0,0,0,0,0,0,0,0,0,0,0,0,0,0,0,0,0,0,0,0,0,0,0,0,0,0,0,0,0,0,0,0,0,0,0,0,0,0,0,0,0,0,0,0,0,0,0,0
S3_E_LT_35A,45787,0.279261356,0.231716371,0.048036771,0.002059521,0.03340418,-0.000662858,0.000634144,0.001334649,-0.001274288,-0.008164516,-0.004394824,-0.007632423,-0.002718841,0.006310269,-0.001873173,0.009726002,0.000224466,-0.00074166,0.003372582,-0.003447606,0.003545694,0.000441462,-0.000401824,8.69E-05,-0.001410205,-0.000309221,0.001260426,-0.004457609,-0.00144008,0.000205663,-0.002052142,0.000750776,0.001595938,0.000367528,-2.94E-05,0.000409506,-0.00107412,-0.000534224,0.000565877,7.52E-05,1.77E-05,0.000827787,-0.001114788,0.001162677,0.000457293,0.000354765,-6.29E-05,0.000188638,-0.004332215,-3.59E-05,-0.000946524,0.000702355,0.000661587,-0.000262392,3.30E-08,0.000573849,6.64E-05,0,0,0,0,0,0,0,0,0,0,0,0,0,0,0,0,0,0,0,0,0,0,0,0,0,0,0,0,0,0,0,0,0,0,0,0,0,0,0,0,0,0,0,0,0,0,0,0,0,0,0,0,0,0,0
S3_E_ST_39B,45788,0.279224994,0.232605601,0.048821916,0.002893155,0.021832633,-0.002056905,-0.000468707,-0.001323855,-0.007028652,-0.02280316,-0.005595225,-0.006241706,-0.002292896,0.000547016,0.000195375,-0.002477959,0.000892303,-0.000126642,-0.000378467,-0.000221938,-0.003122735,0.000539534,0.001438798,0.001230039,0.000880653,-0.001199015,-0.002545986,0.005067952,0.002425321,-0.000290535,0.00166212,0.001050245,-0.00047956,0.000821347,0.000100088,0.00066615,-0.002297935,-0.001062964,0.000943975,-0.000471256,-0.000574859,0.000941221,-0.001234266,0.001221975,0.000697448,0.000271216,0.000213787,4.23E-05,-0.002715895,0.001059689,0.001612404,-0.000549131,-0.000629231,0.000706861,-0.000213365,0.000178368,8.46E-08,0,0,0,0,0,0,0,0,0,0,0,0,0,0,0,0,0,0,0,0,0,0,0,0,0,0,0,0,0,0,0,0,0,0,0,0,0,0,0,0,0,0,0,0,0,0,0,0,0,0,0,0,0,0,0
S3_P_LT_31A,45790,0.27918234,0.230898974,0.046854202,0.001309652,0.040320706,0.000386014,0.001117838,0.002566258,0.001448498,-0.00178408,-0.004230512,-0.009417772,-0.003308919,0.010459354,-0.003119837,0.018436777,-0.000344116,-0.003992161,0.00345961,-0.006723316,-0.00651079,0.000865214,0.002539638,0.00215079,-0.000390599,-0.000375069,-0.000908354,0.000248462,0.00119548,-0.000177087,0.001259424,0.001315549,-0.002157417,4.58E-05,0.001181092,6.27E-05,-0.000211117,0.000201704,-0.001740275,-0.001856755,-0.000535719,-0.001094814,0.000965541,-0.000687409,-0.000220365,-0.000416021,0.000260358,-0.000215514,0.000648701,0.001322255,0.001540911,0.00022399,0.00016518,0.000160745,-0.000171879,0.000737047,9.05E-05,0,0,0,0,0,0,0,0,0,0,0,0,0,0,0,0,0,0,0,0,0,0,0,0,0,0,0,0,0,0,0,0,0,0,0,0,0,0,0,0,0,0,0,0,0,0,0,0,0,0,0,0,0,0,0
S3_P_LT_33A,45791,0.286302136,-0.199176989,0.011939815,-0.006218357,0.000581658,-0.000361401,-0.006144104,0.008851949,-0.002237166,0.000201945,0.007910608,-0.006849728,0.004968292,0.006293443,-0.005763962,-0.003975831,-0.00113061,0.001340729,-0.002079548,-0.00119937,0.000862662,-0.004045988,0.001070679,-0.000152448,0.000505247,-0.004741607,-0.004704395,-0.001576932,-0.000958139,0.000300728,3.21E-05,-0.000491514,-0.00028931,0.001574754,3.09E-05,0.002191062,0.000620504,-0.002846135,-0.002630024,0.00060237,0.002120255,0.000589639,0.000668212,0.000106405,-0.002295511,0.00164386,-0.002293752,-0.001932274,-0.000258097,0.000114351,0.000182545,-0.000118535,-0.000509306,7.64E-05,0.000469433,6.02E-05,-1.30E-05,0,0,0,0,0,0,0,0,0,0,0,0,0,0,0,0,0,0,0,0,0,0,0,0,0,0,0,0,0,0,0,0,0,0,0,0,0,0,0,0,0,0,0,0,0,0,0,0,0,0,0,0,0,0,0
S3_P_LT_35A,45792,0.291036383,-0.179452191,0.007609509,-0.001688602,0.001425475,-0.00061883,-0.001413407,0.000469804,-0.001849383,0.000607085,0.004662014,-0.005772549,0.002497047,0.002283579,-0.002214585,-0.00277612,-0.000633995,0.000166082,0.001285071,2.23E-05,-0.001432544,-0.002388485,-0.00142595,-0.002977501,0.000705639,0.000536482,-0.001425554,-0.001235774,0.000582549,0.000119773,4.31E-05,0.001334309,0.00037247,-0.000615443,0.000833319,-0.001591836,-0.001048113,0.000313427,-0.000703588,0.001747887,-0.002664468,-0.00013639,2.71E-05,0.000357183,-0.001493468,0.000498454,0.003278685,0.000747381,-0.000107403,-0.001758004,0.001205293,-0.000442441,0.001579273,0.000751698,0.00079811,-2.57E-06,6.47E-05,0,0,0,0,0,0,0,0,0,0,0,0,0,0,0,0,0,0,0,0,0,0,0,0,0,0,0,0,0,0,0,0,0,0,0,0,0,0,0,0,0,0,0,0,0,0,0,0,0,0,0,0,0,0,0
S3_P_ST_39B,45793,0.295479255,-0.158782769,0.003259162,0.002113019,0.001918704,-0.000656714,0.000816399,-0.000447397,-0.000432557,0.001018607,0.003237421,-0.008934171,0.002007476,-0.001338711,-0.003391309,-0.004198846,0.000719837,0.001790371,0.004906785,0.000724884,-0.003670512,0.004149488,-0.00342818,-0.005555649,0.000667081,0.000977199,0.001598871,0.000555769,0.000245297,-0.000167555,-6.35E-05,-0.000450617,9.42E-05,-0.001116521,-0.001077479,-0.003306945,-0.001639775,-0.000280685,0.000908345,-0.003068935,0.004209098,0.001409231,0.001116215,-0.000518953,0.000890546,0.001925798,0.00032932,-0.001085462,-9.15E-05,-0.000344985,0.000416751,-0.000192204,0.000367439,0.000262019,-0.000174224,-8.58E-05,-5.27E-05,0,0,0,0,0,0,0,0,0,0,0,0,0,0,0,0,0,0,0,0,0,0,0,0,0,0,0,0,0,0,0,0,0,0,0,0,0,0,0,0,0,0,0,0,0,0,0,0,0,0,0,0,0,0,0
S4_E_LT_31A,45795,0.256352187,0.152665545,-0.157662309,-0.018912749,0.014893426,0.021453222,-0.00615321,-0.004630005,0.002026052,-0.008881662,-0.0027113,0.0014698,-0.003262883,-0.004455651,0.005010148,-0.011588891,-0.000473658,-0.017384246,0.005226195,-0.008583238,0.000447495,0.003859688,0.001304033,0.002278869,-0.003167574,-0.001754017,0.002501846,-0.006573887,0.003709187,-0.003339078,0.004284958,-0.005898006,-0.000778446,-0.001050069,0.00041709,-0.000561044,0.001559333,0.000201504,0.000418162,0.001187142,0.000936883,-0.000438677,0.000240949,0.001035882,0.000391402,-0.00010505,-0.000223984,-7.30E-05,-3.61E-05,0.000399164,0.00015627,-0.000179328,-0.000497248,2.62E-05,2.66E-05,7.21E-06,-6.51E-05,0,0,0,0,0,0,0,0,0,0,0,0,0,0,0,0,0,0,0,0,0,0,0,0,0,0,0,0,0,0,0,0,0,0,0,0,0,0,0,0,0,0,0,0,0,0,0,0,0,0,0,0,0,0,0
S4_E_LT_33A,45796,0.258007952,0.158307252,-0.148587129,-0.016089991,0.011906847,0.019058823,-0.005453637,-0.000421621,0.003259471,-0.005281244,-0.00306375,0.002996706,-0.00158516,-0.002560587,-0.001388635,-0.004412262,0.000342536,-0.010029299,-0.000395173,-0.003471288,0.000569668,0.001372208,0.00082064,0.000495561,-0.000203333,-0.001931874,-0.000669701,0.002651111,-0.002338266,0.001915379,-0.003803969,0.005511299,-3.26E-06,0.002386095,-0.00036437,0.001498759,-0.00380266,-0.001742509,-0.001334715,-0.004548116,-0.001512915,0.000563988,-0.000879749,-0.002646937,-8.77E-05,-0.000457284,-0.000419718,-1.32E-05,0.000809435,-8.37E-06,-0.001498523,0.000498456,0.001321759,-0.000156915,-1.10E-05,-1.39E-05,8.53E-05,0,0,0,0,0,0,0,0,0,0,0,0,0,0,0,0,0,0,0,0,0,0,0,0,0,0,0,0,0,0,0,0,0,0,0,0,0,0,0,0,0,0,0,0,0,0,0,0,0,0,0,0,0,0,0
S4_E_LT_35A,45797,0.256462028,0.17883138,-0.118543615,-0.007042853,0.00444047,0.005611514,-0.000708344,0.008247243,-2.13E-05,0.00136219,-0.001687695,0.005133023,0.004439169,0.003210971,-0.010846604,0.009174056,-0.002122707,0.009138149,-0.011694262,0.00715952,0.001743575,-0.003747131,-0.000786933,-0.005980384,0.005768338,0.004728124,-0.002826278,0.000800543,0.006596375,-0.001719951,-0.001061643,0.000877088,0.006802005,0.001010322,-0.000735397,0.001982234,-0.002396884,-0.000656704,-0.001595512,-0.003626044,-0.000828796,0.001759972,-0.001071864,-0.00066325,0.000278417,-0.00061862,-0.000415905,2.42E-05,0.00023713,0.000334835,-0.000113903,6.91E-05,-0.000255952,-6.45E-05,-9.18E-06,2.11E-05,-3.17E-05,0,0,0,0,0,0,0,0,0,0,0,0,0,0,0,0,0,0,0,0,0,0,0,0,0,0,0,0,0,0,0,0,0,0,0,0,0,0,0,0,0,0,0,0,0,0,0,0,0,0,0,0,0,0,0
S4_E_ST_39B,45798,0.236815465,0.176223651,-0.129943996,-0.005242746,0.005455232,-0.004418098,0.006727044,-0.006496065,-0.005081571,0.011992846,0.016432376,-0.02947791,-0.000330819,0.021442682,0.016763727,-0.010964388,-0.005557746,0.009172077,0.00230752,-0.000425397,-0.001217406,0.001233232,0.000617548,0.000843541,-0.000307242,-0.000800772,0.001184747,0.000894137,-0.000596559,-8.16E-05,6.73E-05,-0.000681161,-8.30E-05,-0.000547082,-0.000671634,-0.000189999,-6.87E-05,0.00025912,0.000227499,-3.68E-05,-0.000357613,-0.000128225,-8.72E-05,3.58E-05,0.000246538,-5.17E-07,7.45E-06,6.87E-05,-2.68E-05,-6.17E-05,0.000112979,-4.70E-05,2.65E-05,1.99E-05,-2.41E-06,2.34E-06,-3.89E-06,0,0,0,0,0,0,0,0,0,0,0,0,0,0,0,0,0,0,0,0,0,0,0,0,0,0,0,0,0,0,0,0,0,0,0,0,0,0,0,0,0,0,0,0,0,0,0,0,0,0,0,0,0,0,0
S4_P_LT_31A,45800,0.290290814,-0.177642649,0.0073721,-0.001599461,0.001198337,-0.000498217,-0.001810747,0.00242658,-0.000977995,0.001870696,0.006196736,-0.014706962,0.003638108,-0.007240486,-0.003848792,-0.00109018,-0.000123123,-0.00133282,-0.003040232,0.001604572,0.001068631,0.003548395,0.001911129,0.003919608,0.000130956,0.006562618,0.000450309,-0.001419598,0.001677345,8.89E-05,-3.23E-05,0.002845222,0.000583494,-0.000815568,0.002311297,-0.002481439,-0.000978981,0.002833352,0.001370727,0.001253757,-0.004090067,6.35E-05,6.14E-05,-0.001191621,0.000316365,0.002778299,-0.000942435,-0.001934397,1.80E-05,0.00018756,-0.000283483,0.000211952,-0.000258712,-0.000158251,-0.00021587,-2.60E-05,-2.06E-06,0,0,0,0,0,0,0,0,0,0,0,0,0,0,0,0,0,0,0,0,0,0,0,0,0,0,0,0,0,0,0,0,0,0,0,0,0,0,0,0,0,0,0,0,0,0,0,0,0,0,0,0,0,0,0
S4_P_LT_33A,45801,0.292467142,-0.166299061,0.005010949,0.000461816,0.001420867,-0.000512618,-5.85E-05,-0.000927443,-0.001096549,0.002437056,0.006555215,-0.015423952,0.003856062,-0.007808306,-0.003874831,0.000197132,-0.000539597,0.000668156,-0.006739939,0.000633667,0.003992873,0.005266465,0.005016479,0.008567314,-0.000816595,0.000946338,0.002184298,0.001568768,-0.000341244,-0.000219376,-0.000286349,-0.001491795,-0.000199428,-1.60E-05,-0.002134856,0.000695593,-0.00021407,-0.003106316,-0.002327637,-0.000503688,0.003353837,0.001122243,0.000884905,-0.000377667,0.001744971,0.00091748,0.000683136,0.000217245,8.10E-05,0.000235847,-8.64E-05,-6.49E-05,0.000294601,2.19E-05,-0.000398305,-8.97E-05,-3.63E-05,0,0,0,0,0,0,0,0,0,0,0,0,0,0,0,0,0,0,0,0,0,0,0,0,0,0,0,0,0,0,0,0,0,0,0,0,0,0,0,0,0,0,0,0,0,0,0,0,0,0,0,0,0,0,0
S4_P_LT_35A,45802,0.291495302,-0.165652446,0.005040539,0.00066181,0.001396705,-0.000480293,0.000132084,-0.000235285,-0.000405089,0.002068499,0.004424687,-0.013481459,0.002382553,-0.007764689,-0.002639935,-0.000855429,0.000242367,-0.001107143,-0.000100759,0.001162572,-0.000652788,0.005666092,-0.000941885,-0.000872902,0.000211939,0.003959904,0.004040694,0.001413834,0.001457381,-0.000452463,-0.00047034,0.00022987,0.000847309,-0.000519719,-0.000521838,-0.002980244,-0.002029447,-0.002551749,-0.002418386,0.001802288,-0.000855763,-0.001256335,-0.001153191,0.001377109,-0.000177193,-0.005854254,-0.001062643,7.27E-05,-0.000210459,-0.001385672,0.000845352,1.02E-05,-2.59E-05,-0.000133406,0.000271906,0.000134661,4.00E-05,0,0,0,0,0,0,0,0,0,0,0,0,0,0,0,0,0,0,0,0,0,0,0,0,0,0,0,0,0,0,0,0,0,0,0,0,0,0,0,0,0,0,0,0,0,0,0,0,0,0,0,0,0,0,0
S4_P_ST_39B,45803,0.300363163,-0.132889871,-0.002090539,0.00642243,0.002434946,-0.000553519,0.00474511,-0.007461224,-0.00016617,0.001462564,0.001970926,-0.009044003,0.001206231,-0.000923453,-0.003501805,-0.006020423,0.000898379,0.000273863,0.004124834,0.001223005,-0.002316469,0.008271758,-0.00118283,-0.001242266,0.000637006,0.00478299,-0.003912782,-0.003247757,0.000366484,0.000694461,0.000358713,0.002578923,-0.001123554,-0.00188693,-0.001102742,0.004848728,0.001631635,0.00114895,-0.000392123,0.001049193,-0.001770554,0.001094938,0.00071606,-0.001156809,0.001148191,0.003097849,0.00128014,-0.001987419,8.18E-05,0.000401196,-0.00042265,0.000162595,-0.000600194,-0.000375987,0.000341234,0.000187927,5.98E-05,0,0,0,0,0,0,0,0,0,0,0,0,0,0,0,0,0,0,0,0,0,0,0,0,0,0,0,0,0,0,0,0,0,0,0,0,0,0,0,0,0,0,0,0,0,0,0,0,0,0,0,0,0,0,0
S5_E_LT_31A,45805,-0.574421995,-0.006925608,-0.005073943,0.064847682,0.003711399,0.018449052,0.009512645,0.004253178,-0.002173689,-0.000355211,0.000341094,0.000262589,-0.005174645,-0.001133392,-0.003412931,-0.002536846,-0.000912497,0.002877416,-0.006348548,-0.006907373,-0.001852473,-0.000917765,-0.006498359,0.000783694,-0.00436623,0.001257998,0.000313793,-0.000664279,0.002319728,0.003453718,-0.003223354,-0.00214278,-0.001809408,-0.004597651,0.004316661,0.000632261,0.000691538,-0.002727248,0.00129873,-0.000501251,-0.000345519,0.000565403,0.000219164,-0.000430233,-0.000239438,-0.000361904,-4.39E-05,-7.86E-05,8.49E-05,6.16E-05,-0.000321327,0.000401638,4.92E-05,-0.000191463,-6.68E-06,5.16E-05,0.000598978,0,0,0,0,0,0,0,0,0,0,0,0,0,0,0,0,0,0,0,0,0,0,0,0,0,0,0,0,0,0,0,0,0,0,0,0,0,0,0,0,0,0,0,0,0,0,0,0,0,0,0,0,0,0,0
S5_E_LT_33A,45806,-0.570477435,-0.006728897,-0.005071445,0.063270804,0.003838988,0.016660334,0.013382139,0.005882058,0.000827675,-0.003757527,0.008751111,0.002049414,-0.0101574,-0.001792484,-0.003435783,-0.000701983,-0.002052067,0.000754291,-0.002774168,-0.003748951,-0.00046361,-0.000609053,-0.002974222,-0.000242463,0.00016953,0.003440835,-0.001225801,-0.000578901,-0.002628832,-0.008086482,-0.002504205,-0.001483016,-0.004865356,0.005160582,-0.00390076,-0.000658574,-0.001360246,0.002524376,-0.000836775,0.000486319,-0.000148006,0.001051425,-0.000368203,-0.000644923,-0.000244432,-0.000216598,0.000139246,-5.83E-05,-0.000179406,0.000394759,-7.08E-06,-0.000771033,0.000473243,-2.46E-05,6.01E-06,-1.77E-05,9.39E-05,0,0,0,0,0,0,0,0,0,0,0,0,0,0,0,0,0,0,0,0,0,0,0,0,0,0,0,0,0,0,0,0,0,0,0,0,0,0,0,0,0,0,0,0,0,0,0,0,0,0,0,0,0,0,0
S5_E_LT_35A,45807,-0.487150444,-0.002469063,0.005267789,-0.048926124,-0.005475328,0.014626351,0.001749802,0.000716538,-0.01698878,0.006735473,0.003144512,-0.000619137,-0.006989681,0.001986374,0.002381746,0.005494583,-0.005564553,-0.003503566,0.008020243,0.011982246,-0.000865906,0.000104578,-0.006824633,0.005585342,-0.005880685,0.002843765,-0.003791311,0.002693782,-0.002731167,-0.000634268,0.001690931,-0.00272542,0.003475001,-0.000564864,0.001146034,0.001200546,-0.001330532,-0.001570545,0.000605606,-0.000712491,-0.000402586,-0.000820544,0.000807871,0.00097993,0.000193444,0.000113719,-0.000158754,-5.38E-05,0.000115172,0.000148202,-0.000130329,-1.78E-05,6.87E-05,5.98E-06,-1.47E-06,5.15E-06,1.89E-05,0,0,0,0,0,0,0,0,0,0,0,0,0,0,0,0,0,0,0,0,0,0,0,0,0,0,0,0,0,0,0,0,0,0,0,0,0,0,0,0,0,0,0,0,0,0,0,0,0,0,0,0,0,0,0
S5_E_ST_39B,45808,-0.49708179,-0.002891708,0.002046224,-0.074852053,-0.004286569,-0.042678517,0.022301049,0.000757034,-0.009442902,0.009693817,-0.013773161,-0.002789566,-0.006563846,-0.000438324,-0.000320993,-0.0035423,0.015203276,0.000989986,-0.004609297,-0.00906244,0.001067486,-0.000168483,-0.00093605,-0.000668144,0.009158701,0.001718048,0.00024527,0.000580733,-0.005131794,-0.001867559,0.002967031,-0.001188096,0.001384008,-0.000976792,0.001502293,0.001375716,-0.002501611,0.000552507,-0.000264166,0.000122057,0.000332267,-0.00110937,-4.77E-05,7.52E-05,0.000216736,0.000362199,-4.67E-06,9.42E-05,7.57E-05,-0.00018007,4.20E-05,0.00015281,5.21E-05,0.000181918,-1.74E-07,-1.23E-05,-8.11E-05,0,0,0,0,0,0,0,0,0,0,0,0,0,0,0,0,0,0,0,0,0,0,0,0,0,0,0,0,0,0,0,0,0,0,0,0,0,0,0,0,0,0,0,0,0,0,0,0,0,0,0,0,0,0,0
S5_P_LT_31A,45810,0.307167841,0.088625633,-0.023962604,0.020417028,-0.080656534,-0.003777138,0.003262617,0.009569251,0.01248709,0.021667832,-0.000463871,-0.00320257,-0.001950215,0.004980713,-0.000960096,0.004872371,0.001027709,-0.007972564,0.002328821,-0.002067394,-0.001967529,0.001634222,0.000229161,0.002681773,-0.002387762,-0.003430353,0.001259794,0.002011362,-0.005783444,0.002298981,-0.001607233,0.001441804,-0.00280482,0.000391446,0.000102129,-0.000510639,0.000162517,-8.12E-05,-0.000283544,-0.000636771,-0.000456947,0.000457529,-0.000366822,-0.000993129,-0.00022309,-2.34E-05,7.70E-06,1.45E-05,0.000152785,-5.96E-05,-0.000279067,0.000204106,0.00026701,6.32E-05,-1.09E-05,1.33E-06,3.58E-05,0,0,0,0,0,0,0,0,0,0,0,0,0,0,0,0,0,0,0,0,0,0,0,0,0,0,0,0,0,0,0,0,0,0,0,0,0,0,0,0,0,0,0,0,0,0,0,0,0,0,0,0,0,0,0
S5_P_LT_33A,45811,0.283968466,0.20515572,0.025345432,0.012580908,-0.08354501,-0.008804435,-0.00032107,-0.001486414,-0.00191679,-0.003167379,-0.000551145,0.000337442,-0.000270532,-0.001272412,0.000390687,-0.001281293,0.000418336,0.001615192,0.002549991,0.00089568,0.013658393,-0.000287115,-0.003758233,-0.002715258,-0.001394826,0.001332539,-0.002158544,0.005704945,0.004382146,-0.00084971,0.006923791,0.001483474,-0.008302334,-0.001003676,0.003191531,-0.000423459,0.000497196,0.000331665,-0.002350639,-0.002194238,-0.000392228,0.000452278,-0.00055179,0.000331267,0.00017172,-0.000170863,2.06E-05,-6.26E-05,-0.000782215,0.000463974,0.000180613,0.00022701,-5.81E-05,0.00041263,-4.78E-05,-0.000160255,9.70E-05,0,0,0,0,0,0,0,0,0,0,0,0,0,0,0,0,0,0,0,0,0,0,0,0,0,0,0,0,0,0,0,0,0,0,0,0,0,0,0,0,0,0,0,0,0,0,0,0,0,0,0,0,0,0,0
S5_P_LT_35A,45812,0.299680191,0.141361869,0.007194954,0.020167858,-0.068860177,-0.008342388,0.004924019,0.008427477,0.010177104,0.026011111,0.001896017,-0.002628361,0.000715217,0.00913877,-0.003826642,0.015021875,-0.002132409,0.003966614,-0.001998992,-0.000875571,-0.005946409,-0.001293718,0.00186549,-0.001123074,0.002934043,0.003215806,-0.00179591,0.000134674,0.006489812,-0.002451635,0.00283917,-0.002007685,0.001564099,-0.000624637,-0.000137821,0.000289525,0.000715812,0.000443278,-3.49E-05,0.000785934,0.000579378,-0.001361804,0.001270424,0.000424463,-5.60E-06,-0.000112338,1.29E-05,-3.33E-05,-0.000287801,-8.56E-05,-0.000127891,-0.000256535,-0.000226874,-8.12E-05,9.32E-06,-7.58E-08,-4.28E-05,0,0,0,0,0,0,0,0,0,0,0,0,0,0,0,0,0,0,0,0,0,0,0,0,0,0,0,0,0,0,0,0,0,0,0,0,0,0,0,0,0,0,0,0,0,0,0,0,0,0,0,0,0,0,0
S5_P_ST_39B,45813,0.284690533,0.202932353,0.025461861,0.013077176,-0.083026364,-0.00916909,-0.000121746,-0.001633605,-0.003736775,-0.007935585,-0.001530302,-0.000134261,-2.89E-05,-0.002437,0.000816859,-0.003846673,1.76E-05,0.000949835,-0.002815505,0.00385859,-0.007131719,-0.00091564,0.001007077,0.000471546,0.002123622,0.001052405,-0.000332478,0.003859654,-0.000935774,0.000494168,-0.000539073,-0.002577387,0.001167515,4.26E-06,-0.0024088,2.14E-05,0.002431539,-0.000316334,0.002441554,0.003738654,0.001485659,0.000330352,-0.002409693,0.002345598,-0.00012074,0.001394571,-0.000459528,0.000250726,0.000378146,-0.000149537,-0.000153904,0.000603805,0.000512321,-0.00075891,-0.000107492,0.000141357,5.99E-05,0,0,0,0,0,0,0,0,0,0,0,0,0,0,0,0,0,0,0,0,0,0,0,0,0,0,0,0,0,0,0,0,0,0,0,0,0,0,0,0,0,0,0,0,0,0,0,0,0,0,0,0,0,0,0
S6_E_LT_31A,45815,-0.548685218,-0.005611871,-0.002716056,0.028407116,0.002253134,-0.001925701,-0.01460199,-0.004982441,-0.002293533,0.005116455,-0.012734104,-0.002446112,0.009453893,0.000984791,0.001767387,-0.00097463,0.002063764,0.000468903,-0.001001569,-0.002439352,-0.00019764,-2.10E-05,-0.000500711,-0.000420352,-0.002736148,0.00069986,-0.001221333,0.001905284,-0.002798179,-0.003599333,-0.00053384,-0.001070289,0.001852932,-0.004629651,0.004568462,0.002524704,-0.004667336,0.003692999,-0.002152261,0.00210487,0.002628572,-0.000829423,-0.001011047,-0.000599438,-6.96E-05,-0.00011484,-8.53E-05,-2.62E-06,9.85E-05,-0.000412896,-5.60E-05,0.0008028,-0.00042707,-0.000126758,-1.31E-05,3.42E-05,9.12E-05,0,0,0,0,0,0,0,0,0,0,0,0,0,0,0,0,0,0,0,0,0,0,0,0,0,0,0,0,0,0,0,0,0,0,0,0,0,0,0,0,0,0,0,0,0,0,0,0,0,0,0,0,0,0,0
S6_E_LT_33A,45816,-0.537690683,-0.005071427,-0.002688325,0.033997205,0.003007243,0.004764855,-0.023374186,-0.004841794,-0.012303562,0.010396623,-0.019071583,-0.004382171,0.001407725,0.000771209,-0.003733859,-0.005168614,-0.00153569,0.003495762,-0.003541746,-0.002064885,-0.001312168,0.000220923,0.001665199,-0.000886572,-0.00674976,-0.004472772,0.001342706,0.001124998,0.002847788,0.004430061,-0.001181357,0.002160868,0.002603236,-0.00522697,0.002993031,-0.001081032,0.003061199,-0.000288692,6.93E-05,-0.000137371,-0.001282224,0.00348023,0.002614676,0.00237205,-0.00026556,-0.000979086,-0.000310318,-0.00030599,5.83E-05,0.000831922,-0.000348659,-0.00055467,0.0004482,0.000235122,-5.31E-06,-2.93E-05,-0.000251902,0,0,0,0,0,0,0,0,0,0,0,0,0,0,0,0,0,0,0,0,0,0,0,0,0,0,0,0,0,0,0,0,0,0,0,0,0,0,0,0,0,0,0,0,0,0,0,0,0,0,0,0,0,0,0
S6_E_LT_35A,45817,-0.31745734,-0.001428479,0.089972673,-0.119902454,-0.03220497,0.153901649,-0.022438527,-0.014601706,0.016330406,0.001535637,0.000537223,-0.002537757,-0.006156914,0.000585401,0.001366162,-0.001243869,0.002526599,-0.001727095,0.003229948,-0.004046752,0.001541929,0.000857865,0.000767169,0.000812955,-3.57E-05,-0.000741972,-0.001116452,0.001257742,0.000829795,3.69E-06,-0.000294626,0.000564,0.000977975,0.000286673,-0.000286457,0.000178712,-0.000381267,-2.00E-05,4.67E-05,-8.95E-05,-7.51E-05,-0.000252083,0.000172522,-1.76E-05,4.29E-06,4.27E-05,1.06E-05,2.02E-05,-1.37E-05,-5.76E-05,-1.83E-06,-4.41E-05,-5.50E-06,-8.37E-05,-1.62E-06,1.90E-06,-5.71E-06,0,0,0,0,0,0,0,0,0,0,0,0,0,0,0,0,0,0,0,0,0,0,0,0,0,0,0,0,0,0,0,0,0,0,0,0,0,0,0,0,0,0,0,0,0,0,0,0,0,0,0,0,0,0,0
S6_E_ST__39B,45818,-0.451695287,-0.000612967,0.003062772,-0.089129006,-0.003567874,-0.042399416,0.016744077,0.00551318,-0.022355334,0.010744531,-0.013726716,-0.000865035,-0.008223638,-0.002955847,-0.008495113,-0.003898703,-0.015183504,0.001701462,0.001275149,0.004594241,-0.00215976,0.000303378,-0.007933091,0.007596743,-0.001951945,-0.007238468,0.002294381,-0.001777295,0.00395346,-0.003314534,-0.000363463,0.0039697,-0.000699014,-0.00031015,-0.000111035,-0.000386752,0.000880597,-0.000832824,0.000585632,-0.000373922,-0.000583427,0.000132011,0.000148623,-0.000581255,-8.84E-05,0.000111172,0.000179049,0.000158512,-0.000156326,-0.000536432,0.000306726,0.000106968,-0.000361712,-0.00027965,4.48E-06,8.53E-06,4.62E-05,0,0,0,0,0,0,0,0,0,0,0,0,0,0,0,0,0,0,0,0,0,0,0,0,0,0,0,0,0,0,0,0,0,0,0,0,0,0,0,0,0,0,0,0,0,0,0,0,0,0,0,0,0,0,0
S6_P_LT_31A,45820,0.296609172,-0.180420146,0.008009286,-0.001533766,0.001811284,-0.000757446,-0.002028194,-0.000487598,-0.002459051,-0.003125902,0.001224165,0.009575529,0.004123261,0.001514604,-0.013520209,0.003211309,0.003986237,-0.003860219,-0.004860474,0.00086805,0.003859688,0.00288512,0.002843679,0.006118296,-0.000983241,0.001823004,0.000407827,1.43E-05,0.000502725,-2.19E-05,7.06E-05,0.000791047,0.000226001,-5.23E-05,0.000755942,0.001031429,0.00062935,0.002159635,0.002247658,-0.000942372,0.000201515,-0.000589537,-7.98E-05,0.000934338,-0.003130442,-0.00082429,-0.001769496,-0.001163164,-0.000400714,-0.001822826,0.001237333,-7.26E-05,0.000453262,7.28E-05,5.09E-05,3.38E-05,7.68E-05,0,0,0,0,0,0,0,0,0,0,0,0,0,0,0,0,0,0,0,0,0,0,0,0,0,0,0,0,0,0,0,0,0,0,0,0,0,0,0,0,0,0,0,0,0,0,0,0,0,0,0,0,0,0,0
S6_P_LT_33A,45821,0.289980608,-0.190625934,0.009845984,-0.003834791,0.00125926,-0.000617809,-0.002422687,-0.00088104,-0.003454129,-0.000651373,0.005058193,0.002901082,0.003285104,0.010831235,-0.005223635,-0.003279967,0.000209155,0.00164473,0.004177076,-0.00155497,-0.001346456,-0.004079531,-0.000628727,-0.000983223,-0.00030615,0.001779891,0.005011596,0.002103455,0.000572667,-0.000407275,-0.000416271,0.000249542,-0.000154343,0.000168136,-0.000322482,0.006413976,0.002964535,0.002890215,0.002756348,-0.002968995,0.001975659,0.001034271,0.000322203,-0.000175319,0.000367819,-0.00106667,7.74E-05,0.001353507,-8.27E-05,-0.000555266,0.000468744,-0.00010859,0.000242884,0.000246325,0.000183262,-1.19E-05,-1.22E-05,0,0,0,0,0,0,0,0,0,0,0,0,0,0,0,0,0,0,0,0,0,0,0,0,0,0,0,0,0,0,0,0,0,0,0,0,0,0,0,0,0,0,0,0,0,0,0,0,0,0,0,0,0,0,0
S6_P_LT_35A,45822,0.301131543,-0.15646683,0.002813062,0.002933516,0.002254016,-0.000755827,0.002410362,-0.007579629,-0.001436536,-0.002836084,-0.003849177,0.015444868,-0.000327376,0.003891689,-0.005740192,0.003422839,0.003311865,-0.002268231,0.00381521,0.000688182,-0.003558581,0.015384827,-0.00791756,-0.012361422,0.000475424,-0.001979505,0.002943869,0.002007995,0.000540349,-0.000464807,-0.000775279,-7.17E-05,0.000874548,0.003570143,0.002709891,0.003664251,0.001994236,-0.000184299,-0.000518218,0.000825346,0.000107712,-0.000112805,0.000156548,0.000501901,-0.002070114,0.000462668,-5.40E-05,0.000524502,-4.72E-05,0.000105267,-5.66E-05,2.28E-05,-0.000152829,-5.79E-05,2.35E-05,2.13E-05,1.22E-05,0,0,0,0,0,0,0,0,0,0,0,0,0,0,0,0,0,0,0,0,0,0,0,0,0,0,0,0,0,0,0,0,0,0,0,0,0,0,0,0,0,0,0,0,0,0,0,0,0,0,0,0,0,0,0
S6_P_ST_39B,45823,0.301658345,-0.13069526,-0.002557668,0.00681507,0.002516023,-0.000539345,0.005092075,-0.008581978,-8.85E-05,0.001804909,0.002703609,-0.01231862,0.002364519,-0.00696636,-0.006847124,-0.004277908,0.002091418,-0.003509157,0.002866686,0.000919175,0.000146409,-0.008290678,0.001997215,0.004536208,-0.000231118,0.004454558,-0.000634052,-0.001119033,0.000193579,0.000288877,0.000540526,0.000396085,-0.000683904,-0.002506364,-0.002078987,6.81E-06,8.82E-05,0.0009681,0.001585747,-0.001856026,0.001996029,5.72E-05,-0.000223556,0.000302606,0.001621736,-0.002832086,-0.000373122,-0.000477209,-5.03E-05,-0.000159124,5.35E-05,8.67E-05,-0.000517169,-8.72E-05,0.00066842,0.000145057,5.32E-05,0,0,0,0,0,0,0,0,0,0,0,0,0,0,0,0,0,0,0,0,0,0,0,0,0,0,0,0,0,0,0,0,0,0,0,0,0,0,0,0,0,0,0,0,0,0,0,0,0,0,0,0,0,0,0
S7_E_LT_31A,45825,-0.572226829,-0.006810729,-0.004459128,0.057051739,0.002618858,0.019151788,0.028400293,0.006543243,0.01111652,-0.006377691,0.00824052,0.000920624,-0.015716406,-0.001422588,-0.00675701,-0.002690815,-0.005198422,0.000840853,0.001461085,0.004321782,-5.78E-05,0.000561233,0.002433499,0.000924966,0.000540398,-0.00356716,0.000879988,0.000416602,0.000931347,0.004070989,0.002898656,0.001069762,0.003598579,-9.68E-05,-0.000294826,0.000193374,-0.000324207,0.001195937,-0.000911786,0.000495976,0.000981875,-0.001125165,-0.000739749,0.000569678,0.000305524,0.000264719,-0.000129421,-0.000123158,8.47E-05,0.000697893,-8.36E-05,-0.000967053,0.000577316,1.04E-05,2.51E-05,-1.98E-05,0.000193476,0,0,0,0,0,0,0,0,0,0,0,0,0,0,0,0,0,0,0,0,0,0,0,0,0,0,0,0,0,0,0,0,0,0,0,0,0,0,0,0,0,0,0,0,0,0,0,0,0,0,0,0,0,0,0
S7_E_LT_33A,45826,-0.576372413,-0.007014881,-0.00502011,0.060220222,0.003254406,0.015406393,0.022495686,0.006867313,0.012311868,-0.010978295,0.018490149,0.004243614,-0.008384257,-0.002058347,-0.00239766,0.00136648,-0.005669051,-0.00041321,-0.00032956,-0.003243462,0.000995853,0.000133573,0.000125341,-0.00045934,0.007782132,0.000299615,0.002326327,-0.000875004,-0.002959937,0.002256894,0.004684732,0.001668534,0.000819709,-0.000754434,0.000455033,-0.000374495,0.000843945,-0.000603703,0.000505466,-0.00048849,-0.001547804,0.002457029,0.002811521,0.001617154,-0.000255269,-0.000643583,-0.000174452,-1.88E-05,2.50E-05,-0.000522005,-1.08E-05,0.000544136,-0.000601329,-0.000550183,-9.40E-06,3.85E-05,7.70E-05,0,0,0,0,0,0,0,0,0,0,0,0,0,0,0,0,0,0,0,0,0,0,0,0,0,0,0,0,0,0,0,0,0,0,0,0,0,0,0,0,0,0,0,0,0,0,0,0,0,0,0,0,0,0,0
S7_E_LT_35A,45827,-0.495874651,-0.002943632,0.004113993,-0.011634121,-0.004246745,0.052052659,0.044183997,0.024594999,-0.040125516,0.00342074,0.016412278,0.002441443,-0.012202548,-0.000821574,0.003102483,-0.001450027,0.013648893,0.00051986,-0.001644655,-0.005160308,0.00061524,0.000379223,0.001520778,-0.000450586,0.000860579,-0.001747876,4.51E-06,0.001072937,0.000310008,0.001873483,0.000136007,-2.74E-05,0.001480786,-0.000833256,0.000575154,0.000314309,-0.000738753,0.000809261,-0.000351905,0.000119957,-5.37E-05,-4.19E-06,0.000348009,0.000364407,7.12E-05,8.02E-05,3.43E-06,3.90E-05,-3.01E-05,-9.27E-05,0.000117346,-0.000144041,-7.60E-05,-0.000102891,5.48E-06,-5.33E-06,-4.52E-05,0,0,0,0,0,0,0,0,0,0,0,0,0,0,0,0,0,0,0,0,0,0,0,0,0,0,0,0,0,0,0,0,0,0,0,0,0,0,0,0,0,0,0,0,0,0,0,0,0,0,0,0,0,0,0
S7_E_ST__39B,45828,-0.502086844,-0.003178724,0.007165324,-0.065830746,-0.009108922,0.022098461,0.000985213,-0.010380737,-5.21E-05,0.010404774,-0.009360987,-0.007775376,-0.016379123,0.007068049,0.001235291,0.001403655,0.018142105,0.002172656,-0.005795851,0.006276865,-0.001621387,-0.001697828,-0.00149711,-0.002466736,0.003061971,0.004709931,0.001692577,-0.002805565,8.97E-05,0.004559732,0.001109362,0.000251063,-0.002259294,0.001746543,-0.002207789,-0.002071339,0.003535952,0.000834409,-0.000697732,0.000911266,0.000922062,0.001897853,-0.001231555,-0.00056368,-0.000422608,-0.000780409,-3.24E-05,-0.000272045,-7.82E-05,0.00065764,-0.000220635,-0.000201117,0.000148794,6.47E-05,-5.47E-06,5.84E-06,3.81E-05,0,0,0,0,0,0,0,0,0,0,0,0,0,0,0,0,0,0,0,0,0,0,0,0,0,0,0,0,0,0,0,0,0,0,0,0,0,0,0,0,0,0,0,0,0,0,0,0,0,0,0,0,0,0,0
S7_P_LT_31A,45830,0.278082225,0.233609533,0.047956454,0.000311082,0.042560638,0.001168564,0.000792228,8.11E-05,0.007209747,0.020815577,0.005229386,0.009324997,0.002492637,-0.014119561,-0.000545309,0.004439309,0.003181474,0.016665324,0.010178867,-0.00376163,-0.002928584,-0.000463849,0.002178559,0.004068768,-0.001831451,-0.003024055,0.000541965,-0.000859746,-0.002721838,0.000402901,0.000417067,-0.001617352,-0.001784198,0.000218639,0.000202608,-0.000345786,0.000943866,9.83E-05,-0.000379144,-6.99E-05,-0.000683313,-5.13E-05,-0.000343992,-0.000440757,-0.000642726,0.000203167,0.00032452,-2.14E-05,0.000149183,-5.73E-05,-0.000215924,0.000117198,0.000306379,4.08E-05,-2.05E-05,1.91E-05,1.72E-05,0,0,0,0,0,0,0,0,0,0,0,0,0,0,0,0,0,0,0,0,0,0,0,0,0,0,0,0,0,0,0,0,0,0,0,0,0,0,0,0,0,0,0,0,0,0,0,0,0,0,0,0,0,0,0
S7_P_LT_33A,45831,0.278065861,0.231726279,0.046202328,-0.000443657,0.049888787,0.002195291,0.00144225,0.003807874,0.011483145,0.033021603,0.007624335,0.007566002,0.00257711,0.002262672,4.37E-05,0.001114379,-0.001765266,-0.007112996,-0.003983034,-0.00022449,-0.007319203,0.000226977,0.001425814,7.61E-05,0.001619889,0.001105488,-0.001328213,0.003512048,0.002193454,-0.000317521,0.001485795,-1.71E-05,-0.00056581,-0.000476575,-0.000141492,-0.000384574,0.001114423,0.000964522,-0.000960769,-0.00027793,0.00019327,-0.001997815,0.002796827,-0.001903458,-0.00028154,-0.000641745,-2.76E-05,4.76E-05,-0.00228677,-0.001106596,-0.002145284,-0.000545595,-0.000319912,0.000312709,5.02E-07,-0.000667996,9.70E-05,0,0,0,0,0,0,0,0,0,0,0,0,0,0,0,0,0,0,0,0,0,0,0,0,0,0,0,0,0,0,0,0,0,0,0,0,0,0,0,0,0,0,0,0,0,0,0,0,0,0,0,0,0,0,0
S7_P_LT_35A,45832,0.278157371,0.233455203,0.048892196,0.000661313,0.041783242,0.000602685,0.000939706,0.002389804,0.007146896,0.021315734,0.005482997,0.006390719,0.002089911,-8.32E-05,0.00042358,-0.001770589,-0.000976245,-0.004034805,-0.001010125,-0.000736731,0.000164497,0.000272087,-0.000167278,-0.000418842,-0.000307346,0.000540733,0.000779766,-0.003055169,-0.000441796,6.90E-05,-0.00111201,0.001225526,0.000146131,8.48E-05,0.000823178,0.000342244,-0.000745642,-0.000225671,-0.001516329,-0.002024691,-0.000333558,0.000169084,-0.001774221,0.002242134,0.000753585,0.000574054,-0.000101416,-8.81E-05,0.002652296,0.001602401,0.003070135,0.000580892,0.000214131,-0.000845978,0.000152906,-0.00035934,2.16E-05,0,0,0,0,0,0,0,0,0,0,0,0,0,0,0,0,0,0,0,0,0,0,0,0,0,0,0,0,0,0,0,0,0,0,0,0,0,0,0,0,0,0,0,0,0,0,0,0,0,0,0,0,0,0,0
S7_P_ST_39B,45833,0.278389383,0.235117493,0.05133073,0.002355194,0.025256596,-0.001870979,-0.000362284,-0.000973253,-0.001090333,0.00049101,0.003383694,0.008060842,0.002696338,-0.008635434,0.002953668,-0.017947104,0.000245532,0.000773877,-0.003758469,0.004881982,0.000209502,-0.000272494,-0.000485078,-0.000494162,0.00100202,-0.00024029,-0.00085215,0.00339005,0.000495291,4.73E-05,0.000917917,-0.000247445,-0.000844113,9.10E-05,3.21E-05,2.25E-05,-0.000118811,-0.000195715,-0.000358102,-0.000713521,-0.000323996,0.000299591,-0.001497741,0.001633193,0.000649624,0.000676966,-3.20E-05,0.000139433,-0.001542619,0.000194479,0.000702402,-0.000527607,-0.000487789,0.000460193,-0.00012871,-6.63E-05,-6.72E-05,0,0,0,0,0,0,0,0,0,0,0,0,0,0,0,0,0,0,0,0,0,0,0,0,0,0,0,0,0,0,0,0,0,0,0,0,0,0,0,0,0,0,0,0,0,0,0,0,0,0,0,0,0,0,0
S1_E_ST_30B,45876,-0.506684246,-0.003478639,-5.86E-05,-0.010017293,0.001002699,-0.016714477,-0.024457264,-0.005941983,0.010146999,-0.006503967,0.019288123,0.00195964,-0.010466508,0.001453601,0.002597585,0.002775866,0.009345837,0.001088799,-0.005423163,-0.006727436,-0.000905252,-0.000938378,-0.006393887,0.00023254,-0.002930911,0.004189115,-0.002660919,0.001922525,0.00087083,0.003813657,-0.00343756,-0.003560579,0.000255763,0.000392412,-0.000339159,0.000132279,-0.000948269,0.001232584,-0.000496308,-9.14E-06,-0.000292755,-0.000425501,0.000266904,0.000306217,0.000224241,0.000501798,0.000189154,0.000302864,-0.000236468,-0.001106304,0.000866633,0.000162551,-0.001086601,-0.000587315,2.35E-05,3.98E-06,-0.000161806,0,0,0,0,0,0,0,0,0,0,0,0,0,0,0,0,0,0,0,0,0,0,0,0,0,0,0,0,0,0,0,0,0,0,0,0,0,0,0,0,0,0,0,0,0,0,0,0,0,0,0,0,0,0,0
S1_E_ST_33B,45877,-0.515913185,-0.003943167,-0.00032054,-0.006746174,0.000689489,-0.01314111,-0.015611026,-0.002528388,0.001992677,-0.004350197,0.014147138,0.002859545,0.001156762,0.000975768,0.005080003,0.005955672,0.002553278,-0.00226077,0.003140616,0.009007461,0.000405781,-0.000105168,0.006883464,-0.002873585,0.002837659,-0.00234125,0.003923829,-0.00290358,-0.000797816,0.001652398,0.005579234,0.002292927,0.00087619,-0.0034847,0.003713823,0.001708905,-0.001928412,-0.000353264,6.88E-05,0.000450079,0.000641055,0.000242293,0.000583828,4.53E-05,-0.000209754,-0.000470906,-0.000183981,-0.000179055,0.000141428,0.0005973,-0.000554117,-0.000642475,0.000725678,-0.000148128,-4.11E-06,-1.19E-05,7.70E-05,0,0,0,0,0,0,0,0,0,0,0,0,0,0,0,0,0,0,0,0,0,0,0,0,0,0,0,0,0,0,0,0,0,0,0,0,0,0,0,0,0,0,0,0,0,0,0,0,0,0,0,0,0,0,0
S1_E_ST_36B,45878,-0.515396293,-0.003904106,-0.000749635,-0.013550803,0.000934201,-0.02748514,-0.017781987,-0.007100192,0.01212233,-0.004005333,0.012651858,0.000812739,-0.011819721,0.00130517,0.001868662,0.003152845,0.00850324,-0.001988867,0.004078945,0.010492268,0.000679828,0.000359108,0.003597538,0.001705155,0.005935531,-0.005874241,0.001666298,-0.001743717,0.005156816,-0.002739645,-0.001263578,0.004642762,0.001444536,-0.001070148,4.22E-05,-0.000335406,0.001836435,-0.001019509,0.000184527,-5.68E-05,0.000724574,-0.001981761,-0.000529574,0.000108742,0.000413522,0.000613196,-6.49E-05,0.000158515,0.000189727,-0.000568488,0.000124824,0.000558217,-0.000381585,-0.000212439,9.09E-06,2.54E-05,0.000208397,0,0,0,0,0,0,0,0,0,0,0,0,0,0,0,0,0,0,0,0,0,0,0,0,0,0,0,0,0,0,0,0,0,0,0,0,0,0,0,0,0,0,0,0,0,0,0,0,0,0,0,0,0,0,0
S1_P_ST_30B,45879,0.298024365,-0.139141396,-0.001088468,0.00559315,0.001983092,-0.000448597,0.008062022,-0.019645254,-0.001001553,0.002165328,-0.005206068,0.00533219,-0.008018073,-0.000577403,0.023374562,0.006605906,-0.006716386,-0.001173653,-0.002979213,-0.001451599,-5.43E-05,-0.006855438,-0.001278112,-0.003940995,0.000720167,-0.002599676,-0.002994816,-0.001578788,-0.000159508,0.000367018,0.000403915,0.000845776,-0.00100714,-0.004219156,-0.004178147,-0.001109053,-0.002096048,-0.00209886,-0.002352798,0.00065359,2.85E-05,0.000466172,0.000290604,-0.000224744,-0.00217415,0.000774084,-0.001268675,0.000216809,-4.54E-05,-9.46E-05,-7.07E-05,0.000180974,-0.00016358,-4.30E-05,4.65E-05,1.23E-05,3.18E-05,0,0,0,0,0,0,0,0,0,0,0,0,0,0,0,0,0,0,0,0,0,0,0,0,0,0,0,0,0,0,0,0,0,0,0,0,0,0,0,0,0,0,0,0,0,0,0,0,0,0,0,0,0,0,0
S1_P_ST_33B,45880,0.305792183,-0.12807618,-0.003184966,0.007561602,0.002566419,-0.00046413,0.0057248,-0.007563388,0.003365406,-0.000409365,-0.010976816,0.003265247,-0.008102583,-0.019582699,0.015118719,0.010146009,-0.000802061,-0.007480201,-0.003267024,0.003087343,-0.000669292,0.00377646,-0.003233488,-0.003720603,0.000351977,0.004525296,0.001457492,-0.000271306,0.001499842,-0.0001172,0.000177093,0.001405996,0.000180488,-0.002399607,-0.00162274,0.003026023,0.000912864,0.000374176,-0.000452454,0.000331504,0.001089652,0.001260747,0.001052559,-0.000466056,0.003828002,-0.000520784,0.001118779,0.000118406,-1.67E-06,-8.24E-05,5.36E-05,9.21E-05,-0.000375987,-0.000267265,-0.00022851,1.66E-05,1.41E-06,0,0,0,0,0,0,0,0,0,0,0,0,0,0,0,0,0,0,0,0,0,0,0,0,0,0,0,0,0,0,0,0,0,0,0,0,0,0,0,0,0,0,0,0,0,0,0,0,0,0,0,0,0,0,0
S1_P_ST_36B,45881,0.301259124,-0.129319466,-0.003005552,0.007157532,0.002456764,-0.000500245,0.007076061,-0.013758664,2.60E-05,0.001451294,-0.003703565,0.000169147,-0.005351472,-0.000209977,0.015149242,0.000649386,-0.00468868,6.13E-05,-0.002651348,-0.000859931,0.00128835,-0.007889985,0.002899025,0.003423202,0.000352448,-0.000256073,-0.003258257,-0.001800811,-0.000306034,0.00028249,-0.000192544,0.000693247,0.000512917,0.005696566,0.006483115,0.002076525,0.002936763,0.002035213,0.001442805,0.000580405,-0.000916173,-0.000104417,-0.000170478,-0.000253607,0.001315457,-0.000933992,0.001057791,0.000136481,0.000101005,-0.000201482,-5.25E-05,4.33E-05,0.000249777,-5.02E-05,-0.000114924,4.68E-08,1.27E-05,0,0,0,0,0,0,0,0,0,0,0,0,0,0,0,0,0,0,0,0,0,0,0,0,0,0,0,0,0,0,0,0,0,0,0,0,0,0,0,0,0,0,0,0,0,0,0,0,0,0,0,0,0,0,0
S2_E_ST_30B,45882,-0.527112245,-0.004508691,-0.001015775,0.000904422,0.001093549,-0.014531348,-0.020166241,-0.006310672,0.000244948,0.002470949,-0.00148427,-0.000735662,-0.005045147,0.000547624,-0.001479529,-0.000191511,0.00166883,0.00224193,-0.004988973,0.000656141,-0.00265157,-0.001280214,-0.001883924,-0.001689639,-0.01091386,0.001014935,0.000454985,-0.001884149,-0.000213428,-0.006184764,0.001432856,0.002544578,-0.001522036,0.00261983,-0.001907834,0.000331115,-0.001768922,0.002561805,-0.001307282,0.00122334,0.001534867,-0.000647756,-0.000896212,-0.000513763,1.11E-05,-2.18E-05,-0.000122807,-9.15E-05,0.000238232,0.000359028,-0.000500765,-4.86E-05,0.0007311,5.35E-05,-8.14E-07,1.64E-05,0.000552943,0,0,0,0,0,0,0,0,0,0,0,0,0,0,0,0,0,0,0,0,0,0,0,0,0,0,0,0,0,0,0,0,0,0,0,0,0,0,0,0,0,0,0,0,0,0,0,0,0,0,0,0,0,0,0
S2_E_ST_33B,45883,-0.529335943,-0.004620254,-0.000986374,0.000692236,0.00087464,-0.014282097,-0.015906256,-0.006483713,0.006680515,-0.000299687,7.98E-05,-0.000464601,-0.002497036,0.00085464,-0.000716129,0.000694126,0.001192508,0.001455719,-0.003721929,0.00204124,-0.001726442,-0.001153992,-0.000690987,-0.001991224,-0.00332237,0.002828652,0.001096983,-0.002348401,-0.003944062,-0.005766361,0.00263036,-0.000193452,-0.00301103,0.001583281,-0.000613217,-0.000486064,0.001225084,-0.003299058,0.001934578,-0.00149695,-0.002261822,0.002519586,0.001850067,0.000637136,-0.000520957,-0.000947356,-6.69E-05,-0.000329006,-0.000216511,0.00105814,-0.000296762,-0.00109646,0.000310119,-5.31E-05,-1.65E-05,-2.49E-05,-0.000599689,0,0,0,0,0,0,0,0,0,0,0,0,0,0,0,0,0,0,0,0,0,0,0,0,0,0,0,0,0,0,0,0,0,0,0,0,0,0,0,0,0,0,0,0,0,0,0,0,0,0,0,0,0,0,0
S2_E_ST_36B,45884,-0.518296257,-0.004054663,0.000599577,-0.016206063,-0.000902729,-0.012046157,-0.005817998,-0.005013349,0.006196552,0.000980105,-0.003419929,-0.00149208,-0.005073399,0.000891175,-0.00275404,-0.000873381,-0.000372584,0.001403094,-0.001158157,0.007080121,-0.000706756,-0.000320533,0.009305098,-0.005184557,-0.001068968,-0.002332284,0.004370857,-0.004041922,0.000810637,0.003053155,0.001894753,-0.000776805,-0.005118456,0.002200676,-0.00088202,0.000165856,-0.00202124,0.001839571,-0.000383573,0.000539168,-0.00017416,0.001549922,-0.000631797,-0.001639502,-0.000436884,-0.000276609,0.000342605,0.000161039,-0.000238384,-0.000696115,0.000330496,0.001462795,-0.000725002,0.000711568,-2.65E-05,7.49E-06,-0.000203965,0,0,0,0,0,0,0,0,0,0,0,0,0,0,0,0,0,0,0,0,0,0,0,0,0,0,0,0,0,0,0,0,0,0,0,0,0,0,0,0,0,0,0,0,0,0,0,0,0,0,0,0,0,0,0
S2_P_ST_30B,45885,0.297355396,-0.154555148,0.002291959,0.002906782,0.002072111,-0.000694944,0.001244059,-6.84E-05,0.000197362,-0.001254669,-0.0035266,0.008106309,-0.0034505,0.010507088,0.007687549,-0.002651957,-0.002020484,0.004714206,0.001235919,-0.000736456,-0.000182492,0.004744872,0.001256118,0.002177549,-0.00038739,0.001280192,0.002433625,0.001184174,-0.000152399,-0.000118232,-7.31E-05,-0.000424161,-0.000648773,-0.002381921,-0.003182609,0.001780055,9.76E-05,0.002034739,0.00265723,-0.002468358,-0.001025751,-0.001116866,-0.001566974,0.000552295,-0.000708946,-0.002110683,-0.00102738,-0.001931094,-8.45E-05,-0.000302206,0.000232948,-7.28E-05,0.000285885,0.000219641,-0.00044184,-0.000137783,-0.000121051,0,0,0,0,0,0,0,0,0,0,0,0,0,0,0,0,0,0,0,0,0,0,0,0,0,0,0,0,0,0,0,0,0,0,0,0,0,0,0,0,0,0,0,0,0,0,0,0,0,0,0,0,0,0,0
S2_P_ST_33B,45886,0.30731773,-0.121369729,-0.004136223,0.008281357,0.002907942,-0.000515492,0.001918764,0.007155011,0.004713696,-0.003109378,-0.00886557,0.003425456,-0.003575096,-0.002430595,-0.001579812,-0.007228554,0.00316678,-0.003047833,0.008979487,0.001834427,-0.003755355,-0.007323803,-0.000773726,0.000272197,0.000789335,0.008986971,-0.000719026,-0.002572601,0.0018647,0.000168066,2.69E-05,0.002422035,0.001075975,0.002428928,0.005417524,-0.005970561,-0.001561898,1.10E-05,-0.000188945,0.000614785,0.000583073,0.000210674,0.00045025,-0.000120889,-0.000661749,1.00E-04,-0.000699664,-0.000158978,-4.82E-05,-0.0003131,0.000146669,2.35E-05,0.000154481,6.62E-05,-9.84E-05,-5.36E-05,-2.39E-05,0,0,0,0,0,0,0,0,0,0,0,0,0,0,0,0,0,0,0,0,0,0,0,0,0,0,0,0,0,0,0,0,0,0,0,0,0,0,0,0,0,0,0,0,0,0,0,0,0,0,0,0,0,0,0
S2_P_ST_36B,45887,0.303572868,-0.144666816,0.000577255,0.004733102,0.002541526,-0.000730996,-0.000246553,0.007692115,0.002795603,-0.004227969,-0.008455156,0.013324988,-0.003538925,0.005531925,0.000397284,-0.002861873,0.001587451,-0.00137846,0.004004731,0.000170391,-0.001915112,-0.007301621,-0.00204518,-0.003918612,0.000767757,-0.003455903,-0.006189536,-0.002613962,-0.000996029,0.000561435,0.000613564,-0.000399422,-0.000691263,-0.000161161,-0.001192806,0.002609987,0.001025784,-0.002319386,-0.002311302,0.000895034,0.002051869,0.000745924,0.000675715,0.000349897,-0.000458052,-2.75E-05,0.001294581,-0.00101067,-0.000108107,-0.000180097,2.94E-05,7.44E-05,-0.000393499,-9.50E-05,6.16E-05,4.30E-05,2.32E-05,0,0,0,0,0,0,0,0,0,0,0,0,0,0,0,0,0,0,0,0,0,0,0,0,0,0,0,0,0,0,0,0,0,0,0,0,0,0,0,0,0,0,0,0,0,0,0,0,0,0,0,0,0,0,0
S3_E_ST_30B,45888,0.279390934,0.231603223,0.047878284,0.002485735,0.028394435,-0.001236023,0.000242237,0.000318546,-0.004287846,-0.016865772,-0.005989734,-0.008690688,-0.003063036,0.004762172,-0.001198244,0.004846138,0.000603426,0.000582929,0.001639484,-0.000472326,0.005698456,0.00012117,-0.001326736,-0.000807222,-0.000711492,-0.000163584,0.000390667,-0.000460039,-0.000514676,0.000122693,-0.000568027,-0.000232121,0.000773564,-3.25E-05,-0.000470735,-0.000150815,0.000214961,0.000137123,0.00052643,0.000667534,0.000154978,-6.56E-05,0.000620085,-0.000902977,-0.000246483,-0.000234075,-2.43E-05,-5.61E-05,0.002682285,-0.000950832,-0.000555216,-0.0017431,-0.001439655,0.002028444,-0.000610836,0.000158938,0.000477476,0,0,0,0,0,0,0,0,0,0,0,0,0,0,0,0,0,0,0,0,0,0,0,0,0,0,0,0,0,0,0,0,0,0,0,0,0,0,0,0,0,0,0,0,0,0,0,0,0,0,0,0,0,0,0
S3_E_ST_33B,45889,0.279780426,0.230516779,0.046668331,0.002911808,0.023589837,-0.00156532,-0.000126194,-0.000460646,-0.006373934,-0.022988319,-0.006957846,-0.009224068,-0.003249121,0.003463667,-0.000727746,0.001335044,0.000921393,0.001438061,0.000387908,0.001006029,0.004760104,5.85E-05,-0.001052322,-0.000805329,0.000314374,-0.000177538,-0.002138538,0.006387904,0.002823392,-0.000506767,0.003543787,-0.000692054,-0.002423368,-0.000341001,-5.04E-05,-0.000429673,0.000880051,0.000230838,0.000848778,0.001446971,0.000401158,3.43E-05,0.000307779,-0.000648551,-0.00045457,0.000120263,-0.00015511,9.31E-05,0.000446717,-0.000612198,-0.001183329,0.001346249,0.001425328,-0.001716422,0.000370192,5.89E-05,-8.21E-05,0,0,0,0,0,0,0,0,0,0,0,0,0,0,0,0,0,0,0,0,0,0,0,0,0,0,0,0,0,0,0,0,0,0,0,0,0,0,0,0,0,0,0,0,0,0,0,0,0,0,0,0,0,0,0
S3_E_ST_36B,45890,0.279153269,0.231915799,0.047812476,0.00235484,0.027575869,-0.001260345,0.000154159,3.36E-06,-0.005294634,-0.020282372,-0.00715415,-0.010482509,-0.003711123,0.005772439,-0.001393461,0.006643847,0.000672448,0.000704257,0.001777381,-0.000582923,0.005956445,2.97E-05,-0.001454122,-0.000982746,-0.000645152,2.69E-05,0.000458392,-0.00064275,-0.000539673,0.000131131,-0.000975206,-0.000516047,0.001871112,-0.000327897,-0.000781006,-0.000491977,0.001160848,0.001295018,-0.000921738,-0.000216284,-0.000108333,-0.00277646,0.004510164,-0.003649011,-0.000885283,-0.001309929,0.000343627,-0.000234507,-6.44E-05,0.000651252,0.000559523,5.79E-06,-5.05E-05,-0.000448051,0.000265018,-0.000419422,-0.000404794,0,0,0,0,0,0,0,0,0,0,0,0,0,0,0,0,0,0,0,0,0,0,0,0,0,0,0,0,0,0,0,0,0,0,0,0,0,0,0,0,0,0,0,0,0,0,0,0,0,0,0,0,0,0,0
S3_P_ST_30B,45891,0.296396213,-0.15995683,0.00342513,0.001928589,0.001951288,-0.000697202,6.11E-05,0.002736998,0.000471585,-0.001323097,-0.003306455,0.006734499,-0.003342447,0.009021278,0.008181345,-0.002387822,-0.002244798,0.004924871,0.000693844,-0.000398636,-0.000594072,0.004602235,0.00082122,0.001126286,-5.05E-05,0.000799433,0.001367065,0.000583869,-7.04E-05,-0.000124825,-0.000183867,-0.000404966,0.000196734,0.001358651,0.001596542,-0.002538734,-0.000448374,0.000227645,0.000758986,-0.000834616,0.001041342,4.53E-05,9.62E-05,-0.00049794,0.000915945,-0.000565764,-0.002575029,0.003719275,0.000149489,0.001073032,-0.000513932,0.000116623,-0.000787853,-0.000201007,0.000472373,0.000119245,5.20E-05,0,0,0,0,0,0,0,0,0,0,0,0,0,0,0,0,0,0,0,0,0,0,0,0,0,0,0,0,0,0,0,0,0,0,0,0,0,0,0,0,0,0,0,0,0,0,0,0,0,0,0,0,0,0,0
S3_P_ST_33B,45892,0.284515139,-0.205753848,0.013651699,-0.014400892,-0.004780338,0.001918458,-0.030435679,0.090877444,0.018881148,-0.002020514,-0.01077398,-0.013506354,-0.005779301,-0.01515641,0.008614767,-5.51E-05,-0.000181899,-0.001276782,0.000656612,0.000225216,-0.000499068,-0.00346915,-0.001549278,-0.002480795,-0.000163459,-0.002234163,0.002886786,0.002181633,-0.000179215,-0.000379458,-0.000212865,-0.001133116,0.000141842,-0.00028669,-0.00129259,0.002150643,0.000726726,0.000459739,0.000530533,-0.000286262,-0.000554668,-0.000298465,-0.000298993,0.000158891,-0.000153655,0.000144613,-6.61E-05,0.000316218,9.64E-06,0.000249415,-7.23E-05,-4.12E-05,-3.80E-05,-1.04E-05,-4.87E-05,6.91E-07,-4.57E-06,0,0,0,0,0,0,0,0,0,0,0,0,0,0,0,0,0,0,0,0,0,0,0,0,0,0,0,0,0,0,0,0,0,0,0,0,0,0,0,0,0,0,0,0,0,0,0,0,0,0,0,0,0,0,0
S3_P_ST_36B,45893,0.293968587,-0.170003733,0.005507917,-0.000101741,0.001575344,-0.00064208,-0.001878992,0.0063992,0.000350563,-0.001729479,-0.002997052,0.009038756,-0.003377156,0.014158114,0.008775139,-0.003858111,-0.002877961,0.005303635,0.001837281,-0.001416816,-0.000419173,-0.001537655,0.001553288,0.002019009,-0.000172444,0.001074987,0.003092022,0.001401621,0.000223323,-0.000305748,-0.00048402,-0.000260065,0.000466912,0.0024792,0.002258816,0.00124112,0.001061715,-0.001181958,-0.002448117,0.003179851,-0.003010799,0.000239305,-0.000176861,-0.001322768,0.003391286,-0.000292723,-0.00155093,-0.000801087,2.85E-05,-8.76E-05,8.88E-05,-5.38E-05,0.000377584,0.000158917,-0.000107307,-8.49E-05,-4.00E-05,0,0,0,0,0,0,0,0,0,0,0,0,0,0,0,0,0,0,0,0,0,0,0,0,0,0,0,0,0,0,0,0,0,0,0,0,0,0,0,0,0,0,0,0,0,0,0,0,0,0,0,0,0,0,0
S4_E_ST_30B,45894,0.25346685,0.174641892,-0.137146722,-0.011624784,0.006682667,0.0099037,-0.002078757,0.004806356,0.000639687,0.001349649,-0.000742988,0.002373169,0.00241827,0.00357887,-0.005128823,0.00538627,-0.002477577,0.001903277,-0.00475824,0.002154453,0.001137083,-0.001131862,-0.000887516,-0.002525611,0.001186591,0.001424034,0.00150953,0.002408719,-0.005010546,0.003243191,-0.003801171,0.007526724,-0.007178077,-0.000339072,0.000308659,-2.05E-05,-0.00051245,-0.000625525,0.002919541,0.004504187,0.002660436,-0.005058649,0.00246918,0.003343255,0.001157726,0.000682316,-0.000201597,-0.000117981,-0.000239368,0.000286736,0.000356139,-0.000664539,-0.00029124,-4.60E-05,5.72E-05,-1.37E-06,-8.59E-05,0,0,0,0,0,0,0,0,0,0,0,0,0,0,0,0,0,0,0,0,0,0,0,0,0,0,0,0,0,0,0,0,0,0,0,0,0,0,0,0,0,0,0,0,0,0,0,0,0,0,0,0,0,0,0
S4_E_ST_33B,45895,0.25087787,0.172637593,-0.131885805,-0.004958659,0.007177796,-0.002146887,0.002849579,0.007948585,-0.000648416,0.003167282,-0.000841564,0.002614042,-0.001089856,0.004127699,-0.003644767,0.005690597,0.008562237,-0.004622983,-0.000880185,0.009425246,-0.000724003,0.000636782,-0.003367229,0.003901653,-0.003512192,-0.00328673,-0.001161878,0.004817549,-0.008321462,0.003435587,6.44E-05,-0.001794126,0.00051313,-0.001018945,0.000774755,-0.002640119,0.002905867,0.002101318,-0.001095015,0.000248782,-0.00112121,0.004053578,-0.000934736,-0.00170842,-0.000945829,-0.000247681,0.000643534,0.000117909,-0.000659837,-0.00063744,0.000878111,0.000288558,-0.000719486,0.00018677,1.37E-05,-1.19E-05,2.39E-05,0,0,0,0,0,0,0,0,0,0,0,0,0,0,0,0,0,0,0,0,0,0,0,0,0,0,0,0,0,0,0,0,0,0,0,0,0,0,0,0,0,0,0,0,0,0,0,0,0,0,0,0,0,0,0
S4_E_ST_36B,45896,0.257112488,0.177579256,-0.125161685,-0.009533253,0.005072111,0.009680086,-0.002466693,0.006156759,0.001732411,0.000921088,-0.001005975,0.002691713,0.002249803,0.003404735,-0.006669326,0.003292918,-0.001479605,-0.000278509,-0.003229978,-0.001701122,0.001836529,0.001215837,0.001148355,-0.000556799,0.000391084,-0.002126564,0.00087419,-0.003678745,0.004747275,-0.003706784,0.004288495,-0.008449721,0.001286331,-0.000860302,-0.000499209,-0.00191178,0.00285052,0.001014312,0.000332597,0.001495294,-0.000190827,-0.000590149,-0.000188514,1.95E-05,-0.000200966,0.0010231,0.000232626,0.000116416,1.87E-05,-0.000375554,0.000101825,0.000140553,0.000717884,9.50E-05,-5.07E-05,2.28E-05,0.000108052,0,0,0,0,0,0,0,0,0,0,0,0,0,0,0,0,0,0,0,0,0,0,0,0,0,0,0,0,0,0,0,0,0,0,0,0,0,0,0,0,0,0,0,0,0,0,0,0,0,0,0,0,0,0,0
S4_P_ST_30B,45897,0.294064176,-0.159642664,0.003549898,0.001683606,0.001545729,-0.000498169,-0.000354345,0.005363746,0.002077921,0.001005138,-0.002501289,-0.006437232,-0.004468845,-0.005086208,0.015941688,0.001537601,-0.005217478,0.00398739,-0.0083575,0.001136445,0.002518855,0.010578935,0.004160645,0.005952614,0.000319434,0.001610322,-0.002469445,-0.001491975,1.76E-05,0.000173648,-0.000378807,0.000397936,0.000497831,0.00383308,0.003684895,-0.00150288,-4.33E-05,-0.001477034,-0.00096058,-0.000401649,0.002247552,0.000270885,0.000246908,0.00039446,-0.002963456,0.000920378,0.000328567,-0.001618418,-1.97E-05,0.000389375,-0.000505455,0.000208736,-0.000414491,3.02E-05,0.000183342,-1.45E-05,1.38E-05,0,0,0,0,0,0,0,0,0,0,0,0,0,0,0,0,0,0,0,0,0,0,0,0,0,0,0,0,0,0,0,0,0,0,0,0,0,0,0,0,0,0,0,0,0,0,0,0,0,0,0,0,0,0,0
S4_P_ST_33B,45898,0.296301161,-0.157324019,0.002855199,0.002352853,0.001960422,-0.000681716,0.000642879,0.001478618,0.000296913,-0.001129013,-0.003169874,0.007373821,-0.003437826,0.011488462,0.008074298,-0.003583478,-0.002140135,0.005623183,0.003570206,-0.001039805,-0.001826456,0.003464133,-0.000457376,-0.001001027,-7.67E-05,0.000305826,0.003137615,0.001633055,-0.000138762,-0.000272419,-0.000229782,-0.000953754,-0.000148023,-0.000175203,-0.000761298,-0.001641661,-0.000674938,0.000154113,0.001237597,-0.00227002,0.002054549,5.57E-05,-9.90E-05,-9.73E-05,-0.000340608,-7.23E-05,-0.001275377,-0.002144835,-8.11E-05,-0.000365821,7.94E-05,6.08E-05,0.00019968,4.13E-05,0.000385244,5.79E-05,0.000105792,0,0,0,0,0,0,0,0,0,0,0,0,0,0,0,0,0,0,0,0,0,0,0,0,0,0,0,0,0,0,0,0,0,0,0,0,0,0,0,0,0,0,0,0,0,0,0,0,0,0,0,0,0,0,0
S4_P_ST_36B,45899,0.293396298,-0.169785333,0.005510451,-8.70E-05,0.001520853,-0.000619823,-0.00158356,0.005387653,0.00014385,-0.001610927,-0.002873812,0.009302162,-0.003386542,0.01484338,0.008657277,-0.003931009,-0.002840809,0.004569912,0.001830621,-0.001089245,-0.000556724,0.001895824,0.000843985,0.0012305,-9.77E-05,0.003258972,0.004507095,0.001640845,0.001139134,-0.000415113,-0.000551443,0.000689188,0.000555507,-0.0017363,-0.001576834,-0.002093024,-0.002372238,-0.001871698,-0.002341197,0.000953455,-0.000415718,0.000484852,0.000509527,0.000616639,-0.000698535,0.000853648,0.005168172,0.001218925,8.64E-05,-0.000608204,0.000322376,-8.15E-05,0.000414792,-5.42E-05,-0.000452123,-5.64E-06,-2.26E-05,0,0,0,0,0,0,0,0,0,0,0,0,0,0,0,0,0,0,0,0,0,0,0,0,0,0,0,0,0,0,0,0,0,0,0,0,0,0,0,0,0,0,0,0,0,0,0,0,0,0,0,0,0,0,0
S5_E_ST_30B,45900,-0.55339753,-0.005815532,-0.000803557,0.00249401,-0.00087044,-0.00685153,7.63E-05,-0.006877388,0.020114395,-0.005704133,0.001399472,0.000996335,0.00870249,0.000454497,0.00078857,0.004385892,-0.013223216,-0.002063196,0.003414578,0.002232503,0.000398601,-5.26E-05,-0.002271263,0.000216714,0.001174111,0.004580915,-0.000123981,0.000387842,-0.004391392,0.004171839,0.006488834,0.000982669,0.002663395,0.001386451,-0.001656883,-0.001141983,0.00271807,-0.001242831,0.000211611,5.83E-05,0.000869474,-0.000556656,-0.002461503,-0.001692563,-0.00020041,-5.08E-05,0.000217559,-0.000114354,-0.000278375,0.000517903,0.000123438,-0.000894871,0.00019799,-0.000282298,1.09E-05,6.04E-06,0.000181069,0,0,0,0,0,0,0,0,0,0,0,0,0,0,0,0,0,0,0,0,0,0,0,0,0,0,0,0,0,0,0,0,0,0,0,0,0,0,0,0,0,0,0,0,0,0,0,0,0,0,0,0,0,0,0
S5_E_ST_33B,45901,-0.55602858,-0.005945484,-0.000619013,0.001836002,-0.001189602,-0.004909784,0.000828426,-0.005370443,0.012937596,-0.00343875,0.001006866,0.001165428,0.010174849,0.0003364,0.003085235,0.004606921,-0.008025272,-0.002692035,0.003401194,-0.001214288,0.001106994,0.000168712,-0.00180733,5.46E-05,0.000820875,0.004130933,-0.003016977,0.002582428,-0.002224202,-0.004618956,-0.00404142,-0.00017033,-0.00039479,-0.000432616,-0.000782443,-0.001859068,0.003443694,-0.000767103,0.000539708,-0.000684193,-0.00166827,0.001971901,0.001854244,0.001268701,2.02E-05,-6.50E-05,1.04E-05,0.000236295,2.29E-05,-0.001218441,0.000444629,0.001503537,-0.000965131,9.91E-05,-1.74E-07,2.11E-05,0.000131492,0,0,0,0,0,0,0,0,0,0,0,0,0,0,0,0,0,0,0,0,0,0,0,0,0,0,0,0,0,0,0,0,0,0,0,0,0,0,0,0,0,0,0,0,0,0,0,0,0,0,0,0,0,0,0
S5_E_ST_36B,45902,-0.560071938,-0.006159931,-0.001298835,0.012156144,-0.000679706,0.000475613,0.010320225,-0.003540293,0.015646863,-0.003344424,-0.004330469,-0.000214826,0.008636265,0.000259148,-0.00029826,0.001761335,-0.010993458,-0.001643047,0.004859041,0.00521521,0.000565134,0.000582749,0.000602142,0.001407917,0.001840016,-0.000488282,-0.000548238,0.000929188,0.000733527,0.004133049,-0.002938637,-0.004942904,-0.001381428,-0.001400351,0.002242388,0.001945886,-0.005356644,0.004918229,-0.002307261,0.00175451,0.001098632,0.001404774,0.000931274,0.001058046,-0.000170882,-0.000620397,-0.000274801,-0.000235278,0.000147154,0.000565239,-0.000401784,-8.69E-05,0.000293724,0.0002536,-1.42E-05,-1.41E-05,-0.000301842,0,0,0,0,0,0,0,0,0,0,0,0,0,0,0,0,0,0,0,0,0,0,0,0,0,0,0,0,0,0,0,0,0,0,0,0,0,0,0,0,0,0,0,0,0,0,0,0,0,0,0,0,0,0,0
S5_P_ST_30B,45903,0.278559011,0.224371113,0.024629487,0.008344741,-0.087251298,-0.006929993,-0.003317527,-0.003956609,-0.00430724,-0.007640748,0.001440623,0.003059247,0.000753393,-0.002857519,0.000323177,-0.001617399,0.00028702,-0.002048721,0.000828972,-0.004158725,-0.00542636,0.001267043,0.002655229,0.002166861,2.09E-05,-0.001889736,-0.001579022,0.000683555,0.001915536,-0.000497975,0.000162662,0.001628669,0.0014228,0.001205242,-0.000158669,0.000833813,-0.004011043,-0.001744346,0.003700021,0.001846537,-0.00012634,0.002601398,-0.000139205,-0.001184039,6.18E-06,-0.000602346,0.000113747,-3.58E-06,0.00102586,-0.001583078,-0.001570176,-0.000939714,-0.000374391,0.000258598,0.00017593,0.00026336,-0.000208737,0,0,0,0,0,0,0,0,0,0,0,0,0,0,0,0,0,0,0,0,0,0,0,0,0,0,0,0,0,0,0,0,0,0,0,0,0,0,0,0,0,0,0,0,0,0,0,0,0,0,0,0,0,0,0
S5_P_ST_33B,45904,0.292694743,0.173921853,0.018573386,0.017269845,-0.072572934,-0.009106985,0.002854459,0.00362618,0.00240811,0.003902956,-0.00244904,-0.004554972,-0.001240404,0.004039539,-0.001739492,0.005363385,0.000163883,0.005186253,0.003700278,0.001154396,0.016591086,-0.000705701,-0.004436359,-0.003110609,-0.002256654,0.000795,0.003199978,-0.007602577,-0.00328694,0.000374275,-0.003641372,-0.000578253,0.003227906,6.28E-05,-0.00078391,9.16E-05,9.43E-06,-5.33E-05,0.000546612,0.00058083,0.000188691,9.31E-05,-5.67E-05,8.57E-05,-1.50E-06,2.48E-05,-1.01E-05,-1.88E-05,0.000529544,0.00016885,0.000395445,-2.11E-05,-4.74E-05,-5.13E-06,-1.49E-05,3.13E-05,1.19E-09,0,0,0,0,0,0,0,0,0,0,0,0,0,0,0,0,0,0,0,0,0,0,0,0,0,0,0,0,0,0,0,0,0,0,0,0,0,0,0,0,0,0,0,0,0,0,0,0,0,0,0,0,0,0,0
S5_P_ST_36B,45905,0.27762338,0.226837095,0.026516006,0.008089697,-0.088951934,-0.007295973,-0.003418353,-0.004446317,-0.004045025,-0.004616237,0.003046026,0.006032136,0.001822872,-0.005232395,0.001157507,-0.00487805,2.10E-05,-0.00167932,-0.000580896,-0.002140006,-0.006553315,0.000633057,0.00224719,0.001703831,0.000271695,-0.001051032,0.00055696,-0.003182117,-0.001152095,0.000168814,-0.003126621,0.000352836,0.004376451,0.000789132,-0.001361156,0.000494346,-0.001699726,-0.000498075,0.002271736,0.001667684,0.000188019,-0.000248921,0.002768509,-0.00290856,-0.00074861,-0.001361198,0.00039004,-0.00031587,-0.000577937,0.001884449,0.001734934,0.000691263,0.00012059,5.98E-05,-3.79E-05,-0.00040161,0.000135012,0,0,0,0,0,0,0,0,0,0,0,0,0,0,0,0,0,0,0,0,0,0,0,0,0,0,0,0,0,0,0,0,0,0,0,0,0,0,0,0,0,0,0,0,0,0,0,0,0,0,0,0,0,0,0
S6_E_ST_30B,45906,-0.523474755,-0.00430391,-0.004193634,-0.007401633,0.003905404,-0.062369081,0.0005649,-0.006181389,0.025537272,-0.003588924,-0.005468836,-0.000564568,-0.016931606,-0.004231306,-0.011244451,-0.008520505,-0.004667082,0.002634585,-0.00372759,-0.010346993,-0.00016021,0.000302508,-0.005028396,0.003194474,0.001995942,-0.002560924,0.001518431,-0.000958553,0.000536602,0.001533181,0.003390245,0.001428541,0.000494436,0.000995812,-0.000328528,0.000673189,-0.001267729,-0.000641418,0.000502576,-0.000434076,-0.000548259,-0.000174025,0.000861421,0.000204648,-1.14E-05,-5.85E-06,-3.91E-05,2.11E-05,5.59E-05,-8.02E-05,-0.000138411,0.000120847,8.13E-05,-6.82E-07,-8.76E-06,2.10E-06,-2.01E-05,0,0,0,0,0,0,0,0,0,0,0,0,0,0,0,0,0,0,0,0,0,0,0,0,0,0,0,0,0,0,0,0,0,0,0,0,0,0,0,0,0,0,0,0,0,0,0,0,0,0,0,0,0,0,0
S6_E_ST_33B,45907,-0.521930026,-0.004235714,0.001122038,-0.017604082,-0.00167761,-0.009209355,-0.005497005,-0.008319903,0.013576319,0.001344255,-0.006132357,-0.00298831,-0.008939307,0.001047154,-0.003901963,-0.001996203,-0.001885106,-0.00044746,0.003076598,0.002409794,0.000937388,0.000736628,0.002054876,0.00054995,-0.000541798,0.000814086,-0.003934286,0.003192372,0.001947062,0.002827776,-0.005685863,-0.00523007,0.000613234,0.001068197,-0.000723493,5.03E-06,0.000596216,-0.003707944,0.001977128,-0.002305405,-0.002037313,-0.002559234,0.000885656,0.001132698,0.000770403,0.00122903,-1.83E-05,0.000232071,0.000175016,-0.000150488,0.000140607,-0.00058201,0.000592914,0.000101841,2.26E-05,-3.62E-05,7.78E-05,0,0,0,0,0,0,0,0,0,0,0,0,0,0,0,0,0,0,0,0,0,0,0,0,0,0,0,0,0,0,0,0,0,0,0,0,0,0,0,0,0,0,0,0,0,0,0,0,0,0,0,0,0,0,0
S6_E_ST_36B,45908,-0.5264253,-0.004444024,0.000784323,-0.024530771,-0.001879875,-0.019742339,-0.002175284,-0.008857859,0.01296291,0.00341712,-0.011154513,-0.003205259,-0.008609485,-0.000225727,-0.005267158,-0.00362031,-0.003648428,-0.000466658,0.002797219,-0.003455894,0.00213022,0.00131858,0.006513579,-0.002213829,-0.001247901,-0.001312459,-0.00346759,0.004625886,0.002014757,-0.002999908,-0.006767136,0.002516257,0.002813194,-0.001876272,-0.000896112,-0.002226743,0.00378591,0.003447838,-0.002181225,0.00172971,0.001777512,0.001200954,-0.001237492,0.000385,-0.000102453,-0.00050706,-0.000130389,-0.000280543,-1.91E-05,0.000872909,-0.000171799,-0.000726769,0.000198444,-0.00015561,1.08E-05,2.33E-06,6.48E-05,0,0,0,0,0,0,0,0,0,0,0,0,0,0,0,0,0,0,0,0,0,0,0,0,0,0,0,0,0,0,0,0,0,0,0,0,0,0,0,0,0,0,0,0,0,0,0,0,0,0,0,0,0,0,0
S6_P_ST_30B,45909,0.304531621,-0.137522799,-0.00105196,0.0060442,0.002625794,-0.00067953,0.003663668,-0.00528503,0.000726881,-0.003593094,-0.008770901,0.019514935,-0.004370589,0.007591391,0.002225446,0.001157027,0.001201581,-0.002209414,-0.000667071,-0.000859323,0.004077757,-0.008140067,0.006086812,0.011834735,-0.001715289,0.004940827,0.004345407,0.001713316,0.000481153,-0.000215108,-0.00011846,-3.85E-05,-0.000341519,-0.000542165,-0.001308456,0.003201999,0.001173547,0.000207403,0.000446211,-0.001058504,0.001560361,0.000205299,0.000265761,0.000446535,-0.0020902,0.00109123,0.000606607,0.000210837,1.51E-05,0.000543743,-0.000359114,2.18E-05,-0.000296434,-4.82E-05,0.000160246,3.32E-05,1.28E-05,0,0,0,0,0,0,0,0,0,0,0,0,0,0,0,0,0,0,0,0,0,0,0,0,0,0,0,0,0,0,0,0,0,0,0,0,0,0,0,0,0,0,0,0,0,0,0,0,0,0,0,0,0,0,0
S6_P_ST_33B,45910,0.302461372,-0.150847516,0.001738999,0.003932459,0.002477096,-0.00076121,0.000772799,0.002582465,0.002046917,-0.003167663,-0.008391308,0.0111532,-0.004635057,-0.003618735,0.006425555,0.004605761,-1.63E-05,-0.002748288,-0.003492462,0.001520436,0.000127615,0.001284283,-0.001990943,-0.00357364,0.00057489,-0.003196043,-0.00296189,-0.000874955,-9.63E-05,4.51E-06,0.00011718,-0.000282171,0.00105987,0.001736104,0.002742311,-0.002657202,-0.000384542,0.002126061,0.002333074,0.000426693,-0.003030795,-0.001999489,-0.001341522,0.001042566,-0.001023536,-0.000715151,-3.25E-05,-0.000365526,-2.96E-05,0.000606728,-0.000113245,-0.000240679,-0.000271304,4.27E-05,0.000100534,2.41E-05,-6.48E-05,0,0,0,0,0,0,0,0,0,0,0,0,0,0,0,0,0,0,0,0,0,0,0,0,0,0,0,0,0,0,0,0,0,0,0,0,0,0,0,0,0,0,0,0,0,0,0,0,0,0,0,0,0,0,0
S6_P_ST_36B,45911,0.302630034,-0.149776497,0.001564245,0.003989913,0.002455201,-0.000748912,0.000149822,0.0048903,0.002287395,-0.003634403,-0.008365631,0.012251348,-0.004114342,-0.000829125,0.004068337,0.002576762,0.000738295,-0.000679152,-0.002888257,0.001652721,0.000731611,0.004260017,0.000466154,0.00114028,0.000244107,-0.000746334,-0.008105051,-0.004352679,-0.000865767,0.000964215,0.001370011,0.001015364,-0.00160474,-0.005199003,-0.003878172,-0.001979864,-0.00145548,0.000857925,0.000828247,-0.000276736,-0.00036403,0.000142639,0.000343818,-0.000678778,0.001806348,-0.00029753,-0.001741618,0.001826736,-2.68E-05,-0.000895266,0.000742893,-0.000179373,0.000891765,0.000182663,-9.99E-05,-5.77E-05,9.38E-06,0,0,0,0,0,0,0,0,0,0,0,0,0,0,0,0,0,0,0,0,0,0,0,0,0,0,0,0,0,0,0,0,0,0,0,0,0,0,0,0,0,0,0,0,0,0,0,0,0,0,0,0,0,0,0
S7_E_ST_30B,45912,-0.561236426,-0.006190435,-0.000378306,-0.003507937,-0.002711898,0.003804315,0.045264554,0.010214042,0.007159293,-0.00885842,0.007535111,0.003014255,0.027134975,0.001240598,0.013456666,0.005255794,0.01295897,-0.001675752,-0.000546662,0.000752822,-0.001227031,-0.000953244,-0.004185279,0.000861307,-0.006729053,0.000924859,-0.000151555,-0.001721456,0.002934885,-0.003046531,-0.001231888,0.001949665,-0.000925656,-0.001679199,0.001454128,-1.62E-05,0.001659952,-0.002427215,0.000975599,-0.000274264,0.000184102,0.000251435,-0.000236344,-0.000403147,-0.000254369,-0.000468143,-8.67E-05,-0.000233659,4.41E-06,0.000801494,-0.000411195,-0.000782568,0.000533552,-0.00018031,-6.00E-07,9.16E-07,0.000103776,0,0,0,0,0,0,0,0,0,0,0,0,0,0,0,0,0,0,0,0,0,0,0,0,0,0,0,0,0,0,0,0,0,0,0,0,0,0,0,0,0,0,0,0,0,0,0,0,0,0,0,0,0,0,0
S7_E_ST_33B,45913,-0.560149807,-0.006169217,-0.001029028,0.015589144,-0.001289818,0.012518041,0.032726486,0.004864617,0.008193813,-0.002535705,-0.008404938,-0.00046897,0.014584814,-0.000540645,0.001080403,-0.00151116,-0.004641736,-0.001038627,0.003345857,-0.001846313,0.001339712,0.000954489,0.004070675,-0.001034101,-0.002071012,-0.000714062,-0.000833415,0.001134294,0.002767582,0.008107442,0.000619129,-0.001046369,0.000855098,0.004577926,-0.00401973,-0.000574782,-0.000347624,0.001059387,-0.000297822,-0.000280541,-0.000291292,-0.001302016,-0.000284836,2.16E-05,0.000371777,0.000700282,0.00010728,0.000225948,5.96E-05,-0.000528213,0.000212307,0.000620099,-0.000170879,0.000309499,-2.14E-06,-2.50E-06,3.20E-06,0,0,0,0,0,0,0,0,0,0,0,0,0,0,0,0,0,0,0,0,0,0,0,0,0,0,0,0,0,0,0,0,0,0,0,0,0,0,0,0,0,0,0,0,0,0,0,0,0,0,0,0,0,0,0
S7_E_ST_36B,45914,-0.551809582,-0.005734173,0.001518173,-0.00503026,-0.003981548,0.01962773,0.022454298,8.16E-05,-0.004429577,0.008273863,-0.022012864,-0.004346131,0.010094578,0.001267572,-0.000366318,-0.001967244,-0.003249094,-0.000560709,0.003719228,0.004041479,0.000346609,0.000704959,-0.005454106,0.006673704,0.010218057,-0.003188326,0.000821961,-0.000341428,-0.002360373,-0.005395575,0.001519866,0.000748259,-2.11E-05,0.000893755,-0.000412886,0.000454599,-0.00120969,-0.000181709,0.000265323,-0.000391343,-0.000497959,-0.000659549,0.000386296,-5.24E-07,0.000148313,0.000383881,9.07E-05,0.000200723,-3.99E-05,-0.000703803,0.000327648,0.000382062,-0.000468242,-0.000209617,4.85E-06,9.94E-06,1.03E-05,0,0,0,0,0,0,0,0,0,0,0,0,0,0,0,0,0,0,0,0,0,0,0,0,0,0,0,0,0,0,0,0,0,0,0,0,0,0,0,0,0,0,0,0,0,0,0,0,0,0,0,0,0,0,0
S7_P_ST_30B,45915,0.278287043,0.234289575,0.050219688,0.001483147,0.034890299,-0.000532857,0.000503429,0.001186792,0.003758421,0.012383279,0.004165809,0.006279026,0.002048397,-0.00295779,0.001165744,-0.007278283,-0.000350654,-0.000635149,-0.000544306,0.001715544,0.00795965,-0.000152466,-0.002450548,-0.001918588,-0.001139854,0.000532958,0.002601985,-0.006489628,-0.002819066,0.00043352,-0.003834114,0.000111517,0.003625367,0.000170313,-0.000743805,0.000295719,-0.000557775,-0.000244613,0.000712294,0.000520148,0.000338703,0.00051756,-0.000711438,0.001048558,0.000488277,0.000317729,-0.000195958,0.000192338,-0.003003406,-0.000502755,-0.001100774,0.00010868,5.91E-05,4.41E-05,-7.94E-06,-2.76E-05,4.32E-05,0,0,0,0,0,0,0,0,0,0,0,0,0,0,0,0,0,0,0,0,0,0,0,0,0,0,0,0,0,0,0,0,0,0,0,0,0,0,0,0,0,0,0,0,0,0,0,0,0,0,0,0,0,0,0
S7_P_ST_33B,45916,0.277980273,0.235834737,0.051807318,0.001904605,0.028670829,-0.001511326,-8.74E-05,-0.000435181,0.000345787,0.004322585,0.003702747,0.007740991,0.002560304,-0.007190001,0.002593947,-0.015330154,6.49E-05,0.000880722,-0.002960378,0.005083313,0.005551956,-0.000554595,-0.002244746,-0.001849321,0.000136586,0.000472511,0.000816639,0.000236123,-0.00122106,0.000354958,-0.000625262,-0.000876084,0.000350806,-0.00051137,-0.000427358,-0.000576911,0.00177823,0.001048667,-0.00128945,-0.000418194,4.87E-05,-0.001580837,0.001281059,-0.000875558,-0.000346755,2.67E-05,-0.00011826,4.45E-05,0.00279182,-0.001399007,-0.001196447,-0.000588062,6.94E-05,-0.000742541,7.48E-05,0.0006726,-0.000226377,0,0,0,0,0,0,0,0,0,0,0,0,0,0,0,0,0,0,0,0,0,0,0,0,0,0,0,0,0,0,0,0,0,0,0,0,0,0,0,0,0,0,0,0,0,0,0,0,0,0,0,0,0,0,0
S7_P_ST_36B,45917,0.278682539,0.234194996,0.050499444,0.002384559,0.026435425,-0.001631635,-0.000193076,-0.000484456,-0.000342165,0.001886592,0.003260928,0.00738834,0.002476281,-0.007548998,0.002569475,-0.016532056,0.000235006,0.001072149,-0.003227364,0.004865469,0.003585192,-0.000280833,-0.001365979,-0.001194286,0.000638747,-9.09E-05,-0.00077407,0.003462587,0.000806658,-0.000106968,0.001184373,-0.000607871,-0.000411846,8.86E-05,-0.000580155,-4.26E-05,-0.000325043,-0.000455784,0.002221536,0.002127634,0.000425319,0.00086791,0.001019201,-0.001925599,-0.000679915,-0.000888787,0.000186582,-0.00025091,0.000612308,0.001113462,0.000720943,0.000810874,0.000253189,0.000424821,2.58E-05,-0.000583572,0.000271703,0,0,0,0,0,0,0,0,0,0,0,0,0,0,0,0,0,0,0,0,0,0,0,0,0,0,0,0,0,0,0,0,0,0,0,0,0,0,0,0,0,0,0,0,0,0,0,0,0,0,0,0,0,0,0
proportion_explained,0,0.848551106,0.12338927,0.010724987,0.00505859,0.003817828,0.00284427,0.000965967,0.000700332,0.000557139,0.000461405,0.000367146,0.00032379,0.000289322,0.000269592,0.000224437,0.000185634,0.000163635,0.000107362,9.33E-05,8.97E-05,7.55E-05,7.05E-05,7.00E-05,6.74E-05,6.14E-05,4.78E-05,3.84E-05,3.68E-05,3.61E-05,3.35E-05,3.03E-05,2.67E-05,2.50E-05,2.15E-05,2.06E-05,1.76E-05,1.72E-05,1.47E-05,1.38E-05,1.29E-05,1.15E-05,9.66E-06,8.74E-06,8.31E-06,6.95E-06,6.76E-06,5.81E-06,4.51E-06,3.98E-06,2.99E-06,2.78E-06,1.76E-06,1.43E-06,1.17E-06,4.90E-07,3.16E-07,1.55E-07,0,0,0,0,0,0,0,0,0,0,0,0,0,0,0,0,0,0,0,0,0,0,0,0,0,0,0,0,0,0,0,0,0,0,0,0,0,0,0,0,0,0,0,0,0,0,0,0,0,0,0,0,0,0,0